Record Length,2500,Points,0.0,-1.0599999,
Sample Interval,4.00000019E-3,s,4.00000019E-3,-1.0599999,
Trigger Point,0.0,Samples,8.000000380E-3,19.9999996E-3,
,,,12.0000001E-3,0.0,
,,,16.0000008E-3,19.9999996E-3,
,,,20.0000014E-3,19.9999996E-3,
Source,CH1,,24.00000021E-3,0.0,
Vertical Units,Volts,,28.00000086E-3,19.9999996E-3,
Vertical Scale,499.999988824E-3,,32.00000152E-3,0.0,
Vertical Offset,0,,36.00000218E-3,19.9999996E-3,
Horizontal Units,s,,40.00000283E-3,19.9999996E-3,
Horizontal Scale,1.0000000,,44.00000349E-3,0.0,
Pt Fmt,Y,,48.00000042E-3,19.9999996E-3,
Yzero,-3.00000000,,52.00000107E-3,19.9999996E-3,
Probe Atten,1.000000,,56.000001729E-3,19.9999996E-3,
,,,60.000002384E-3,0.0,
Note,TDS 1002B - 14:55:48   15/09/2023,,64.000003040E-3,39.99999911E-3,
,,,68.000003695E-3,0.0,
,,,72.000004351E-3,19.9999996E-3,
,,,76.000005007E-3,19.9999996E-3,
,,,80.000005662E-3,19.9999996E-3,
,,,84.000006318E-3,0.0,
,,,88.000006974E-3,19.9999996E-3,
,,,92.000007629E-3,0.0,
,,,96.000000834E-3,0.0,
,,,100.0000015E-3,19.9999996E-3,
,,,104.0000021E-3,19.9999996E-3,
,,,108.0000028E-3,0.0,
,,,112.0000035E-3,0.0,
,,,116.0000041E-3,19.9999996E-3,
,,,120.0000048E-3,19.9999996E-3,
,,,124.0000054E-3,19.9999996E-3,
,,,128.0000061E-3,19.9999996E-3,
,,,131.9999993E-3,19.9999996E-3,
,,,136.0000074E-3,19.9999996E-3,
,,,140.0000006E-3,19.9999996E-3,
,,,144.0000087E-3,0.0,
,,,148.0000019E-3,19.9999996E-3,
,,,152.00001001E-3,19.9999996E-3,
,,,156.00000322E-3,19.9999996E-3,
,,,160.00001132E-3,19.9999996E-3,
,,,164.00000453E-3,0.0,
,,,168.00001264E-3,19.9999996E-3,
,,,172.00000584E-3,19.9999996E-3,
,,,176.00001395E-3,19.9999996E-3,
,,,180.00000715E-3,19.9999996E-3,
,,,184.00001526E-3,19.9999996E-3,
,,,188.00000846E-3,19.9999996E-3,
,,,192.00000167E-3,19.9999996E-3,
,,,196.00000978E-3,0.0,
,,,200.00000298E-3,0.0,
,,,204.00001109E-3,0.0,
,,,208.00000429E-3,0.0,
,,,212.00001240E-3,0.0,
,,,216.00000560E-3,19.9999996E-3,
,,,220.00001371E-3,19.9999996E-3,
,,,224.00000691E-3,19.9999996E-3,
,,,228.00001502E-3,19.9999996E-3,
,,,232.00000823E-3,0.0,
,,,236.00001633E-3,19.9999996E-3,
,,,240.00000954E-3,19.9999996E-3,
,,,244.00001764E-3,0.0,
,,,248.00001085E-3,19.9999996E-3,
,,,252.00000405E-3,0.0,
,,,256.00001216E-3,19.9999996E-3,
,,,260.00002027E-3,0.0,
,,,263.99999857E-3,19.9999996E-3,
,,,268.00000668E-3,19.9999996E-3,
,,,272.00001478E-3,19.9999996E-3,
,,,276.00002289E-3,19.9999996E-3,
,,,280.00000119E-3,19.9999996E-3,
,,,284.00000930E-3,0.0,
,,,288.00001740E-3,19.9999996E-3,
,,,292.00002551E-3,0.0,
,,,296.00000381E-3,19.9999996E-3,
,,,300.00001192E-3,19.9999996E-3,
,,,304.00002003E-3,19.9999996E-3,
,,,308.00002813E-3,0.0,
,,,312.00000644E-3,19.9999996E-3,
,,,316.00001454E-3,0.0,
,,,320.00002265E-3,19.9999996E-3,
,,,324.00000095E-3,19.9999996E-3,
,,,328.00000906E-3,19.9999996E-3,
,,,332.00001717E-3,0.0,
,,,336.00002527E-3,19.9999996E-3,
,,,340.00000358E-3,19.9999996E-3,
,,,344.00001168E-3,0.0,
,,,348.00001979E-3,19.9999996E-3,
,,,352.00002789E-3,19.9999996E-3,
,,,356.00000620E-3,19.9999996E-3,
,,,360.00001431E-3,0.0,
,,,364.00002241E-3,0.0,
,,,368.00003052E-3,19.9999996E-3,
,,,372.00000882E-3,0.0,
,,,376.00001693E-3,0.0,
,,,380.00002503E-3,19.9999996E-3,
,,,384.00000334E-3,19.9999996E-3,
,,,388.00001144E-3,0.0,
,,,392.00001955E-3,19.9999996E-3,
,,,396.00002766E-3,19.9999996E-3,
,,,400.00000596E-3,19.9999996E-3,
,,,404.000014067E-3,19.9999996E-3,
,,,408.000022173E-3,19.9999996E-3,
,,,412.000030279E-3,0.0,
,,,416.000008583E-3,19.9999996E-3,
,,,420.000016689E-3,819.999992847E-3,
,,,424.000024796E-3,919.999957085E-3,
,,,428.000032902E-3,919.999957085E-3,
,,,432.000011206E-3,759.999990463E-3,
,,,436.000019312E-3,680.000007153E-3,
,,,440.000027418E-3,579.999983311E-3,
,,,444.000035524E-3,439.999997616E-3,
,,,448.000013828E-3,459.999978542E-3,
,,,452.000021935E-3,399.99997616E-3,
,,,456.000030041E-3,299.99998212E-3,
,,,460.000008345E-3,219.99999881E-3,
,,,464.000016451E-3,259.99999046E-3,
,,,468.000024557E-3,259.99999046E-3,
,,,472.000032663E-3,259.99999046E-3,
,,,476.000010967E-3,239.99999464E-3,
,,,480.000019073E-3,219.99999881E-3,
,,,484.000027180E-3,159.99999642E-3,
,,,488.000035286E-3,219.99999881E-3,
,,,492.000013590E-3,239.99999464E-3,
,,,496.000021696E-3,199.99998808E-3,
,,,500.000000000E-3,179.99999225E-3,
,,,504.000008106E-3,140.0000006E-3,
,,,508.000016212E-3,79.999998212E-3,
,,,512.000024319E-3,59.999998659E-3,
,,,516.000032425E-3,59.999998659E-3,
,,,520.000040531E-3,140.0000006E-3,
,,,524.000048637E-3,199.99998808E-3,
,,,527.999997139E-3,239.99999464E-3,
,,,532.000005245E-3,179.99999225E-3,
,,,536.000013351E-3,119.9999973E-3,
,,,540.000021458E-3,79.999998212E-3,
,,,544.000029564E-3,79.999998212E-3,
,,,548.000037670E-3,39.99999911E-3,
,,,552.000045776E-3,79.999998212E-3,
,,,556.000053883E-3,159.99999642E-3,
,,,560.000002384E-3,219.99999881E-3,
,,,564.000010490E-3,199.99998808E-3,
,,,568.000018597E-3,140.0000006E-3,
,,,572.000026703E-3,79.999998212E-3,
,,,576.000034809E-3,39.99999911E-3,
,,,580.000042915E-3,59.999998659E-3,
,,,584.000051022E-3,119.9999973E-3,
,,,587.999999523E-3,159.99999642E-3,
,,,592.000007629E-3,140.0000006E-3,
,,,596.000015736E-3,159.99999642E-3,
,,,600.000023842E-3,99.999994040E-3,
,,,604.000031948E-3,79.999998212E-3,
,,,608.000040054E-3,119.9999973E-3,
,,,612.000048161E-3,119.9999973E-3,
,,,616.000056267E-3,140.0000006E-3,
,,,620.000004768E-3,79.999998212E-3,
,,,624.000012875E-3,119.9999973E-3,
,,,628.000020981E-3,159.99999642E-3,
,,,632.000029087E-3,140.0000006E-3,
,,,636.000037193E-3,79.999998212E-3,
,,,640.000045300E-3,140.0000006E-3,
,,,644.000053406E-3,159.99999642E-3,
,,,648.000001907E-3,99.999994040E-3,
,,,652.000010014E-3,79.999998212E-3,
,,,656.000018120E-3,79.999998212E-3,
,,,660.000026226E-3,140.0000006E-3,
,,,664.000034332E-3,140.0000006E-3,
,,,668.000042439E-3,140.0000006E-3,
,,,672.000050545E-3,179.99999225E-3,
,,,676.000058651E-3,179.99999225E-3,
,,,680.000007153E-3,99.999994040E-3,
,,,684.000015259E-3,59.999998659E-3,
,,,688.000023365E-3,79.999998212E-3,
,,,692.000031471E-3,159.99999642E-3,
,,,696.000039577E-3,159.99999642E-3,
,,,700.000047684E-3,140.0000006E-3,
,,,704.000055790E-3,199.99998808E-3,
,,,708.000004292E-3,159.99999642E-3,
,,,712.000012398E-3,99.999994040E-3,
,,,716.000020504E-3,59.999998659E-3,
,,,720.000028610E-3,59.999998659E-3,
,,,724.000036716E-3,140.0000006E-3,
,,,728.000044823E-3,159.99999642E-3,
,,,732.000052929E-3,179.99999225E-3,
,,,736.000061035E-3,199.99998808E-3,
,,,740.000009537E-3,99.999994040E-3,
,,,744.000017643E-3,79.999998212E-3,
,,,748.000025749E-3,59.999998659E-3,
,,,752.000033855E-3,79.999998212E-3,
,,,756.000041962E-3,159.99999642E-3,
,,,760.000050068E-3,179.99999225E-3,
,,,764.000058174E-3,159.99999642E-3,
,,,768.000006676E-3,199.99998808E-3,
,,,772.000014782E-3,99.999994040E-3,
,,,776.000022888E-3,59.999998659E-3,
,,,780.000030994E-3,59.999998659E-3,
,,,784.000039101E-3,119.9999973E-3,
,,,788.000047207E-3,140.0000006E-3,
,,,792.000055313E-3,119.9999973E-3,
,,,796.000063419E-3,119.9999973E-3,
,,,800.000011921E-3,179.99999225E-3,
,,,804.000020027E-3,179.99999225E-3,
,,,808.000028133E-3,119.9999973E-3,
,,,812.000036240E-3,140.0000006E-3,
,,,816.000044346E-3,140.0000006E-3,
,,,820.000052452E-3,179.99999225E-3,
,,,824.000060558E-3,119.9999973E-3,
,,,828.000068665E-3,79.999998212E-3,
,,,832.000017166E-3,79.999998212E-3,
,,,836.000025272E-3,79.999998212E-3,
,,,840.000033379E-3,140.0000006E-3,
,,,844.000041485E-3,199.99998808E-3,
,,,848.000049591E-3,239.99999464E-3,
,,,852.000057697E-3,239.99999464E-3,
,,,856.000065804E-3,199.99998808E-3,
,,,860.000014305E-3,199.99998808E-3,
,,,864.000022411E-3,159.99999642E-3,
,,,868.000030518E-3,140.0000006E-3,
,,,872.000038624E-3,179.99999225E-3,
,,,876.000046730E-3,179.99999225E-3,
,,,880.000054836E-3,219.99999881E-3,
,,,884.000062943E-3,179.99999225E-3,
,,,888.000071049E-3,140.0000006E-3,
,,,892.000019550E-3,119.9999973E-3,
,,,896.000027657E-3,99.999994040E-3,
,,,900.000035763E-3,119.9999973E-3,
,,,904.000043869E-3,199.99998808E-3,
,,,908.000051975E-3,199.99998808E-3,
,,,912.000060081E-3,159.99999642E-3,
,,,916.000068188E-3,179.99999225E-3,
,,,920.000016689E-3,140.0000006E-3,
,,,924.000024796E-3,119.9999973E-3,
,,,928.000032902E-3,99.999994040E-3,
,,,932.000041008E-3,119.9999973E-3,
,,,936.000049114E-3,179.99999225E-3,
,,,940.000057220E-3,199.99998808E-3,
,,,944.000065327E-3,219.99999881E-3,
,,,948.000073433E-3,199.99998808E-3,
,,,952.000021935E-3,159.99999642E-3,
,,,956.000030041E-3,140.0000006E-3,
,,,960.000038147E-3,119.9999973E-3,
,,,964.000046253E-3,140.0000006E-3,
,,,968.000054359E-3,219.99999881E-3,
,,,972.000062466E-3,219.99999881E-3,
,,,976.000070572E-3,219.99999881E-3,
,,,980.000019073E-3,219.99999881E-3,
,,,984.000027180E-3,199.99998808E-3,
,,,988.000035286E-3,199.99998808E-3,
,,,992.000043392E-3,199.99998808E-3,
,,,996.000051498E-3,159.99999642E-3,
,,,1.000000,179.99999225E-3,
,,,1.0040001,259.99999046E-3,
,,,1.0080000,319.99999285E-3,
,,,1.0120001,379.99999523E-3,
,,,1.0160000,319.99999285E-3,
,,,1.0200001,219.99999881E-3,
,,,1.0240000,199.99998808E-3,
,,,1.0280000,179.99999225E-3,
,,,1.0320001,159.99999642E-3,
,,,1.0360000,159.99999642E-3,
,,,1.0400001,179.99999225E-3,
,,,1.0440000,239.99999464E-3,
,,,1.0480001,259.99999046E-3,
,,,1.0520000,299.99998212E-3,
,,,1.0560000,379.99999523E-3,
,,,1.0600001,319.99999285E-3,
,,,1.0640000,239.99999464E-3,
,,,1.0680001,199.99998808E-3,
,,,1.0720000,179.99999225E-3,
,,,1.0760001,179.99999225E-3,
,,,1.0800000,179.99999225E-3,
,,,1.0840001,199.99998808E-3,
,,,1.0880001,280.00000119E-3,
,,,1.0920000,299.99998212E-3,
,,,1.0960001,379.99999523E-3,
,,,1.1000000,340.00000358E-3,
,,,1.1040001,239.99999464E-3,
,,,1.1080000,219.99999881E-3,
,,,1.1120001,219.99999881E-3,
,,,1.1160001,219.99999881E-3,
,,,1.1200000,219.99999881E-3,
,,,1.1240001,319.99999285E-3,
,,,1.1280000,299.99998212E-3,
,,,1.1320001,299.99998212E-3,
,,,1.1360000,239.99999464E-3,
,,,1.1400001,259.99999046E-3,
,,,1.1440001,319.99999285E-3,
,,,1.1480000,319.99999285E-3,
,,,1.1520001,259.99999046E-3,
,,,1.1560000,379.99999523E-3,
,,,1.1600001,340.00000358E-3,
,,,1.1640000,239.99999464E-3,
,,,1.1680001,239.99999464E-3,
,,,1.1720001,199.99998808E-3,
,,,1.1760000,219.99999881E-3,
,,,1.1800001,199.99998808E-3,
,,,1.1840000,239.99999464E-3,
,,,1.1880001,340.00000358E-3,
,,,1.1920000,280.00000119E-3,
,,,1.1960001,219.99999881E-3,
,,,1.2000000,259.99999046E-3,
,,,1.2040001,280.00000119E-3,
,,,1.2080001,299.99998212E-3,
,,,1.2120000,359.99998450E-3,
,,,1.2160001,399.99997616E-3,
,,,1.2200000,340.00000358E-3,
,,,1.2240001,280.00000119E-3,
,,,1.2280000,280.00000119E-3,
,,,1.2320001,319.99999285E-3,
,,,1.2360001,319.99999285E-3,
,,,1.2400000,419.999986887E-3,
,,,1.2440001,379.99999523E-3,
,,,1.2480000,340.00000358E-3,
,,,1.2520001,319.99999285E-3,
,,,1.2560000,299.99998212E-3,
,,,1.2600001,359.99998450E-3,
,,,1.2640001,280.00000119E-3,
,,,1.2680000,379.99999523E-3,
,,,1.2720001,359.99998450E-3,
,,,1.2760000,239.99999464E-3,
,,,1.2800001,239.99999464E-3,
,,,1.2840000,219.99999881E-3,
,,,1.2880001,239.99999464E-3,
,,,1.2920001,259.99999046E-3,
,,,1.2960000,299.99998212E-3,
,,,1.3000001,340.00000358E-3,
,,,1.3040000,299.99998212E-3,
,,,1.3080001,259.99999046E-3,
,,,1.3120000,259.99999046E-3,
,,,1.3160001,280.00000119E-3,
,,,1.3200001,259.99999046E-3,
,,,1.3240001,319.99999285E-3,
,,,1.3280001,359.99998450E-3,
,,,1.3320000,419.999986887E-3,
,,,1.3360001,399.99997616E-3,
,,,1.3400000,299.99998212E-3,
,,,1.3440001,259.99999046E-3,
,,,1.3480000,219.99999881E-3,
,,,1.3520001,239.99999464E-3,
,,,1.3560001,259.99999046E-3,
,,,1.3600000,299.99998212E-3,
,,,1.3640001,379.99999523E-3,
,,,1.3680000,439.999997616E-3,
,,,1.3720001,379.99999523E-3,
,,,1.3760000,340.00000358E-3,
,,,1.3800001,259.99999046E-3,
,,,1.3840001,280.00000119E-3,
,,,1.3880000,280.00000119E-3,
,,,1.3920001,299.99998212E-3,
,,,1.3960000,379.99999523E-3,
,,,1.4000001,359.99998450E-3,
,,,1.4040000,379.99999523E-3,
,,,1.4080001,319.99999285E-3,
,,,1.4120001,359.99998450E-3,
,,,1.4160000,340.00000358E-3,
,,,1.4200001,359.99998450E-3,
,,,1.4240000,299.99998212E-3,
,,,1.4280001,340.00000358E-3,
,,,1.4320000,340.00000358E-3,
,,,1.4360001,280.00000119E-3,
,,,1.4400001,280.00000119E-3,
,,,1.4440001,280.00000119E-3,
,,,1.4480001,319.99999285E-3,
,,,1.4520000,340.00000358E-3,
,,,1.4560001,399.99997616E-3,
,,,1.4600000,439.999997616E-3,
,,,1.4640001,340.00000358E-3,
,,,1.4680001,359.99998450E-3,
,,,1.4720001,340.00000358E-3,
,,,1.4760001,299.99998212E-3,
,,,1.4800000,379.99999523E-3,
,,,1.4840001,340.00000358E-3,
,,,1.4880000,319.99999285E-3,
,,,1.4920001,259.99999046E-3,
,,,1.4960001,259.99999046E-3,
,,,1.5000001,280.00000119E-3,
,,,1.5040001,319.99999285E-3,
,,,1.5080000,419.999986887E-3,
,,,1.5120001,359.99998450E-3,
,,,1.5160000,419.999986887E-3,
,,,1.5200001,379.99999523E-3,
,,,1.5240000,379.99999523E-3,
,,,1.5280001,379.99999523E-3,
,,,1.5320001,399.99997616E-3,
,,,1.5360000,340.00000358E-3,
,,,1.5400001,280.00000119E-3,
,,,1.5440000,259.99999046E-3,
,,,1.5480001,319.99999285E-3,
,,,1.5520000,299.99998212E-3,
,,,1.5560001,399.99997616E-3,
,,,1.5600001,379.99999523E-3,
,,,1.5640001,299.99998212E-3,
,,,1.5680001,340.00000358E-3,
,,,1.5720000,359.99998450E-3,
,,,1.5760001,459.999978542E-3,
,,,1.5800000,439.999997616E-3,
,,,1.5840001,359.99998450E-3,
,,,1.5880001,280.00000119E-3,
,,,1.5920001,299.99998212E-3,
,,,1.5960001,299.99998212E-3,
,,,1.6000000,299.99998212E-3,
,,,1.6040001,359.99998450E-3,
,,,1.6080000,299.99998212E-3,
,,,1.6120001,299.99998212E-3,
,,,1.6160001,319.99999285E-3,
,,,1.6200001,419.999986887E-3,
,,,1.6240001,419.999986887E-3,
,,,1.6280000,459.999978542E-3,
,,,1.6320001,419.999986887E-3,
,,,1.6360000,280.00000119E-3,
,,,1.6400001,299.99998212E-3,
,,,1.6440001,280.00000119E-3,
,,,1.6480001,319.99999285E-3,
,,,1.6520001,319.99999285E-3,
,,,1.6560001,379.99999523E-3,
,,,1.6600001,379.99999523E-3,
,,,1.6640000,299.99998212E-3,
,,,1.6680001,340.00000358E-3,
,,,1.6720001,379.99999523E-3,
,,,1.6760001,399.99997616E-3,
,,,1.6800001,459.999978542E-3,
,,,1.6840001,359.99998450E-3,
,,,1.6880001,340.00000358E-3,
,,,1.6920000,259.99999046E-3,
,,,1.6960001,299.99998212E-3,
,,,1.7000000,299.99998212E-3,
,,,1.7040001,359.99998450E-3,
,,,1.7080001,439.999997616E-3,
,,,1.7120001,439.999997616E-3,
,,,1.7160001,379.99999523E-3,
,,,1.7200000,379.99999523E-3,
,,,1.7240001,359.99998450E-3,
,,,1.7280000,299.99998212E-3,
,,,1.7320001,379.99999523E-3,
,,,1.7360001,359.99998450E-3,
,,,1.7400001,280.00000119E-3,
,,,1.7440001,259.99999046E-3,
,,,1.7480000,319.99999285E-3,
,,,1.7520001,319.99999285E-3,
,,,1.7560000,439.999997616E-3,
,,,1.7600001,419.999986887E-3,
,,,1.7640001,399.99997616E-3,
,,,1.7680001,359.99998450E-3,
,,,1.7720001,319.99999285E-3,
,,,1.7760001,319.99999285E-3,
,,,1.7800001,299.99998212E-3,
,,,1.7840000,359.99998450E-3,
,,,1.7880001,359.99998450E-3,
,,,1.7920001,280.00000119E-3,
,,,1.7960001,319.99999285E-3,
,,,1.8000001,340.00000358E-3,
,,,1.8040001,439.999997616E-3,
,,,1.8080001,459.999978542E-3,
,,,1.8120000,399.99997616E-3,
,,,1.8160001,299.99998212E-3,
,,,1.8200001,280.00000119E-3,
,,,1.8240001,299.99998212E-3,
,,,1.8280001,299.99998212E-3,
,,,1.8320001,340.00000358E-3,
,,,1.8360001,340.00000358E-3,
,,,1.8400000,319.99999285E-3,
,,,1.8440001,299.99998212E-3,
,,,1.8480000,299.99998212E-3,
,,,1.8520001,379.99999523E-3,
,,,1.8560001,379.99999523E-3,
,,,1.8600001,399.99997616E-3,
,,,1.8640001,399.99997616E-3,
,,,1.8680000,319.99999285E-3,
,,,1.8720001,259.99999046E-3,
,,,1.8760000,259.99999046E-3,
,,,1.8800001,299.99998212E-3,
,,,1.8840001,299.99998212E-3,
,,,1.8880001,359.99998450E-3,
,,,1.8920001,379.99999523E-3,
,,,1.8960001,419.999986887E-3,
,,,1.9000001,399.99997616E-3,
,,,1.9040000,359.99998450E-3,
,,,1.9080001,359.99998450E-3,
,,,1.9120001,299.99998212E-3,
,,,1.9160001,319.99999285E-3,
,,,1.9200001,359.99998450E-3,
,,,1.9240001,319.99999285E-3,
,,,1.9280001,299.99998212E-3,
,,,1.9320000,280.00000119E-3,
,,,1.9360001,319.99999285E-3,
,,,1.9400001,319.99999285E-3,
,,,1.9440001,399.99997616E-3,
,,,1.9480001,459.999978542E-3,
,,,1.9520001,399.99997616E-3,
,,,1.9560001,340.00000358E-3,
,,,1.9600000,299.99998212E-3,
,,,1.9640001,319.99999285E-3,
,,,1.9680001,319.99999285E-3,
,,,1.9720001,379.99999523E-3,
,,,1.9760001,299.99998212E-3,
,,,1.9800001,299.99998212E-3,
,,,1.9840001,299.99998212E-3,
,,,1.9880000,419.999986887E-3,
,,,1.9920001,419.999986887E-3,
,,,1.9960001,399.99997616E-3,
,,,2.0000000,419.999986887E-3,
,,,2.0040002,299.99998212E-3,
,,,2.0080001,280.00000119E-3,
,,,2.0120001,280.00000119E-3,
,,,2.0160000,299.99998212E-3,
,,,2.0200000,319.99999285E-3,
,,,2.0240002,379.99999523E-3,
,,,2.0280001,379.99999523E-3,
,,,2.0320001,299.99998212E-3,
,,,2.0360000,319.99999285E-3,
,,,2.0400002,379.99999523E-3,
,,,2.0440001,379.99999523E-3,
,,,2.0480001,379.99999523E-3,
,,,2.0520000,359.99998450E-3,
,,,2.0560000,359.99998450E-3,
,,,2.0600002,280.00000119E-3,
,,,2.0640001,280.00000119E-3,
,,,2.0680001,280.00000119E-3,
,,,2.0720000,280.00000119E-3,
,,,2.0760002,299.99998212E-3,
,,,2.0800002,319.99999285E-3,
,,,2.0840001,379.99999523E-3,
,,,2.0880001,359.99998450E-3,
,,,2.0920000,399.99997616E-3,
,,,2.0960002,379.99999523E-3,
,,,2.1000001,379.99999523E-3,
,,,2.1040001,359.99998450E-3,
,,,2.1080000,319.99999285E-3,
,,,2.1120000,359.99998450E-3,
,,,2.1160002,280.00000119E-3,
,,,2.1200001,299.99998212E-3,
,,,2.1240001,319.99999285E-3,
,,,2.1280000,379.99999523E-3,
,,,2.1320002,439.999997616E-3,
,,,2.1360002,479.999989271E-3,
,,,2.1400001,479.999989271E-3,
,,,2.1440001,379.99999523E-3,
,,,2.1480000,340.00000358E-3,
,,,2.1520002,299.99998212E-3,
,,,2.1560001,340.00000358E-3,
,,,2.1600001,399.99997616E-3,
,,,2.1640000,299.99998212E-3,
,,,2.1680002,299.99998212E-3,
,,,2.1720002,299.99998212E-3,
,,,2.1760001,340.00000358E-3,
,,,2.1800001,459.999978542E-3,
,,,2.1840000,479.999989271E-3,
,,,2.1880002,399.99997616E-3,
,,,2.1920002,359.99998450E-3,
,,,2.1960001,280.00000119E-3,
,,,2.2000000,340.00000358E-3,
,,,2.2040000,319.99999285E-3,
,,,2.2080002,399.99997616E-3,
,,,2.2120001,379.99999523E-3,
,,,2.2160001,299.99998212E-3,
,,,2.2200000,340.00000358E-3,
,,,2.2240002,399.99997616E-3,
,,,2.2280002,439.999997616E-3,
,,,2.2320001,419.999986887E-3,
,,,2.2360001,399.99997616E-3,
,,,2.2400000,340.00000358E-3,
,,,2.2440002,299.99998212E-3,
,,,2.2480001,299.99998212E-3,
,,,2.2520001,299.99998212E-3,
,,,2.2560000,340.00000358E-3,
,,,2.2600000,399.99997616E-3,
,,,2.2640002,379.99999523E-3,
,,,2.2680001,419.999986887E-3,
,,,2.2720001,399.99997616E-3,
,,,2.2760000,359.99998450E-3,
,,,2.2800002,319.99999285E-3,
,,,2.2840002,359.99998450E-3,
,,,2.2880001,359.99998450E-3,
,,,2.2920001,319.99999285E-3,
,,,2.2960000,319.99999285E-3,
,,,2.3000002,319.99999285E-3,
,,,2.3040001,439.999997616E-3,
,,,2.3080001,439.999997616E-3,
,,,2.3120000,459.999978542E-3,
,,,2.3160002,379.99999523E-3,
,,,2.3200002,319.99999285E-3,
,,,2.3240001,259.99999046E-3,
,,,2.3280001,280.00000119E-3,
,,,2.3320000,319.99999285E-3,
,,,2.3360002,319.99999285E-3,
,,,2.3400002,419.999986887E-3,
,,,2.3440001,439.999997616E-3,
,,,2.3480000,379.99999523E-3,
,,,2.3520000,319.99999285E-3,
,,,2.3560002,319.99999285E-3,
,,,2.3600001,319.99999285E-3,
,,,2.3640001,299.99998212E-3,
,,,2.3680000,379.99999523E-3,
,,,2.3720002,359.99998450E-3,
,,,2.3760002,340.00000358E-3,
,,,2.3800001,340.00000358E-3,
,,,2.3840001,399.99997616E-3,
,,,2.3880000,379.99999523E-3,
,,,2.3920002,319.99999285E-3,
,,,2.3960001,359.99998450E-3,
,,,2.4000001,319.99999285E-3,
,,,2.4040000,299.99998212E-3,
,,,2.4080002,280.00000119E-3,
,,,2.4120002,299.99998212E-3,
,,,2.4160001,340.00000358E-3,
,,,2.4200001,359.99998450E-3,
,,,2.4240000,439.999997616E-3,
,,,2.4280002,439.999997616E-3,
,,,2.4320002,379.99999523E-3,
,,,2.4360001,299.99998212E-3,
,,,2.4400001,280.00000119E-3,
,,,2.4440000,280.00000119E-3,
,,,2.4480002,280.00000119E-3,
,,,2.4520001,319.99999285E-3,
,,,2.4560001,340.00000358E-3,
,,,2.4600000,399.99997616E-3,
,,,2.4640002,500.000000000E-3,
,,,2.4680002,399.99997616E-3,
,,,2.4720001,399.99997616E-3,
,,,2.4760001,319.99999285E-3,
,,,2.4800000,299.99998212E-3,
,,,2.4840002,299.99998212E-3,
,,,2.4880002,399.99997616E-3,
,,,2.4920001,379.99999523E-3,
,,,2.4960001,299.99998212E-3,
,,,2.5000000,299.99998212E-3,
,,,2.5040002,280.00000119E-3,
,,,2.5080001,340.00000358E-3,
,,,2.5120001,399.99997616E-3,
,,,2.5160000,479.999989271E-3,
,,,2.5200002,439.999997616E-3,
,,,2.5240002,340.00000358E-3,
,,,2.5280001,280.00000119E-3,
,,,2.5320001,259.99999046E-3,
,,,2.5360000,280.00000119E-3,
,,,2.5400002,319.99999285E-3,
,,,2.5440001,299.99998212E-3,
,,,2.5480001,379.99999523E-3,
,,,2.5520000,439.999997616E-3,
,,,2.5560002,399.99997616E-3,
,,,2.5600002,359.99998450E-3,
,,,2.5640001,340.00000358E-3,
,,,2.5680001,319.99999285E-3,
,,,2.5720000,280.00000119E-3,
,,,2.5760002,340.00000358E-3,
,,,2.5800002,359.99998450E-3,
,,,2.5840001,280.00000119E-3,
,,,2.5880001,280.00000119E-3,
,,,2.5920000,280.00000119E-3,
,,,2.5960002,319.99999285E-3,
,,,2.6000001,319.99999285E-3,
,,,2.6040001,459.999978542E-3,
,,,2.6080000,459.999978542E-3,
,,,2.6120002,359.99998450E-3,
,,,2.6160002,340.00000358E-3,
,,,2.6200001,280.00000119E-3,
,,,2.6240001,280.00000119E-3,
,,,2.6280000,259.99999046E-3,
,,,2.6320002,319.99999285E-3,
,,,2.6360002,379.99999523E-3,
,,,2.6400001,359.99998450E-3,
,,,2.6440001,379.99999523E-3,
,,,2.6480002,299.99998212E-3,
,,,2.6520002,340.00000358E-3,
,,,2.6560001,379.99999523E-3,
,,,2.6600001,359.99998450E-3,
,,,2.6640000,319.99999285E-3,
,,,2.6680002,299.99998212E-3,
,,,2.6720002,340.00000358E-3,
,,,2.6760001,319.99999285E-3,
,,,2.6800001,299.99998212E-3,
,,,2.6840000,259.99999046E-3,
,,,2.6880002,280.00000119E-3,
,,,2.6920002,280.00000119E-3,
,,,2.6960001,319.99999285E-3,
,,,2.7000000,379.99999523E-3,
,,,2.7040002,399.99997616E-3,
,,,2.7080002,459.999978542E-3,
,,,2.7120001,379.99999523E-3,
,,,2.7160001,319.99999285E-3,
,,,2.72000003,299.99998212E-3,
,,,2.72400022,280.00000119E-3,
,,,2.72800016,340.00000358E-3,
,,,2.73200011,399.99997616E-3,
,,,2.73600006,399.99997616E-3,
,,,2.74000025,340.00000358E-3,
,,,2.74400020,340.00000358E-3,
,,,2.74800014,399.99997616E-3,
,,,2.75200009,379.99999523E-3,
,,,2.75600004,419.999986887E-3,
,,,2.76000023,379.99999523E-3,
,,,2.76400018,319.99999285E-3,
,,,2.76800013,280.00000119E-3,
,,,2.77200007,280.00000119E-3,
,,,2.77600002,299.99998212E-3,
,,,2.78000021,299.99998212E-3,
,,,2.78400016,340.00000358E-3,
,,,2.78800011,399.99997616E-3,
,,,2.79200006,419.999986887E-3,
,,,2.79600024,419.999986887E-3,
,,,2.80000019,379.99999523E-3,
,,,2.80400014,359.99998450E-3,
,,,2.80800009,340.00000358E-3,
,,,2.81200004,359.99998450E-3,
,,,2.81600022,319.99999285E-3,
,,,2.82000017,299.99998212E-3,
,,,2.82400012,280.00000119E-3,
,,,2.82800007,319.99999285E-3,
,,,2.83200002,340.00000358E-3,
,,,2.83600020,399.99997616E-3,
,,,2.84000015,479.999989271E-3,
,,,2.84400010,379.99999523E-3,
,,,2.84800005,340.00000358E-3,
,,,2.85200024,299.99998212E-3,
,,,2.85600019,319.99999285E-3,
,,,2.86000013,340.00000358E-3,
,,,2.86400008,379.99999523E-3,
,,,2.86800003,399.99997616E-3,
,,,2.87200022,319.99999285E-3,
,,,2.87600017,319.99999285E-3,
,,,2.88000011,399.99997616E-3,
,,,2.88400006,439.999997616E-3,
,,,2.88800025,479.999989271E-3,
,,,2.89200020,340.00000358E-3,
,,,2.89600015,319.99999285E-3,
,,,2.90000010,280.00000119E-3,
,,,2.90400004,299.99998212E-3,
,,,2.90800023,299.99998212E-3,
,,,2.91200018,399.99997616E-3,
,,,2.91600013,419.999986887E-3,
,,,2.92000008,379.99999523E-3,
,,,2.92400002,399.99997616E-3,
,,,2.92800021,359.99998450E-3,
,,,2.93200016,299.99998212E-3,
,,,2.93600011,399.99997616E-3,
,,,2.94000006,379.99999523E-3,
,,,2.94400024,340.00000358E-3,
,,,2.94800019,319.99999285E-3,
,,,2.95200014,319.99999285E-3,
,,,2.95600009,379.99999523E-3,
,,,2.96000004,419.999986887E-3,
,,,2.96400023,500.000000000E-3,
,,,2.96800017,419.999986887E-3,
,,,2.97200012,299.99998212E-3,
,,,2.97600007,280.00000119E-3,
,,,2.98000026,280.00000119E-3,
,,,2.98400021,340.00000358E-3,
,,,2.98800015,319.99999285E-3,
,,,2.99200010,359.99998450E-3,
,,,2.99600005,359.99998450E-3,
,,,3.00000024,340.00000358E-3,
,,,3.00400019,399.99997616E-3,
,,,3.00800014,399.99997616E-3,
,,,3.01200008,399.99997616E-3,
,,,3.01600003,359.99998450E-3,
,,,3.02000022,379.99999523E-3,
,,,3.02400017,340.00000358E-3,
,,,3.02800012,259.99999046E-3,
,,,3.03200006,280.00000119E-3,
,,,3.03600025,299.99998212E-3,
,,,3.04000020,319.99999285E-3,
,,,3.04400015,340.00000358E-3,
,,,3.04800010,419.999986887E-3,
,,,3.05200005,459.999978542E-3,
,,,3.05600023,379.99999523E-3,
,,,3.06000018,299.99998212E-3,
,,,3.06400013,259.99999046E-3,
,,,3.06800008,299.99998212E-3,
,,,3.07200003,299.99998212E-3,
,,,3.07600021,379.99999523E-3,
,,,3.08000016,359.99998450E-3,
,,,3.08400011,340.00000358E-3,
,,,3.08800006,299.99998212E-3,
,,,3.09200025,299.99998212E-3,
,,,3.09600019,399.99997616E-3,
,,,3.10000014,419.999986887E-3,
,,,3.10400009,399.99997616E-3,
,,,3.10800004,399.99997616E-3,
,,,3.11200023,379.99999523E-3,
,,,3.11600018,319.99999285E-3,
,,,3.12000012,259.99999046E-3,
,,,3.12400007,280.00000119E-3,
,,,3.12800026,299.99998212E-3,
,,,3.13200021,340.00000358E-3,
,,,3.13600016,379.99999523E-3,
,,,3.14000010,500.000000000E-3,
,,,3.14400005,399.99997616E-3,
,,,3.14800024,340.00000358E-3,
,,,3.15200019,280.00000119E-3,
,,,3.15600014,319.99999285E-3,
,,,3.16000009,299.99998212E-3,
,,,3.16400003,359.99998450E-3,
,,,3.16800022,359.99998450E-3,
,,,3.17200017,319.99999285E-3,
,,,3.17600012,299.99998212E-3,
,,,3.18000007,340.00000358E-3,
,,,3.18400025,439.999997616E-3,
,,,3.18800020,500.000000000E-3,
,,,3.19200015,399.99997616E-3,
,,,3.19600010,359.99998450E-3,
,,,3.20000005,280.00000119E-3,
,,,3.20400023,280.00000119E-3,
,,,3.20800018,280.00000119E-3,
,,,3.21200013,319.99999285E-3,
,,,3.21600008,280.00000119E-3,
,,,3.22000027,379.99999523E-3,
,,,3.22400022,379.99999523E-3,
,,,3.22800016,379.99999523E-3,
,,,3.23200011,359.99998450E-3,
,,,3.23600006,359.99998450E-3,
,,,3.24000025,299.99998212E-3,
,,,3.24400020,280.00000119E-3,
,,,3.24800014,340.00000358E-3,
,,,3.25200009,379.99999523E-3,
,,,3.25600004,340.00000358E-3,
,,,3.26000023,340.00000358E-3,
,,,3.26400018,340.00000358E-3,
,,,3.26800013,419.999986887E-3,
,,,3.27200007,399.99997616E-3,
,,,3.27600026,419.999986887E-3,
,,,3.28000021,419.999986887E-3,
,,,3.28400016,340.00000358E-3,
,,,3.28800011,319.99999285E-3,
,,,3.29200006,280.00000119E-3,
,,,3.29600024,280.00000119E-3,
,,,3.30000019,299.99998212E-3,
,,,3.30400014,379.99999523E-3,
,,,3.30800009,419.999986887E-3,
,,,3.31200027,359.99998450E-3,
,,,3.31600022,419.999986887E-3,
,,,3.32000017,359.99998450E-3,
,,,3.32400012,359.99998450E-3,
,,,3.32800007,340.00000358E-3,
,,,3.33200026,359.99998450E-3,
,,,3.33600020,399.99997616E-3,
,,,3.34000015,319.99999285E-3,
,,,3.34400010,299.99998212E-3,
,,,3.34800005,299.99998212E-3,
,,,3.35200024,319.99999285E-3,
,,,3.35600019,439.999997616E-3,
,,,3.36000013,399.99997616E-3,
,,,3.36400008,379.99999523E-3,
,,,3.36800027,419.999986887E-3,
,,,3.37200022,359.99998450E-3,
,,,3.37600017,379.99999523E-3,
,,,3.38000011,359.99998450E-3,
,,,3.38400006,399.99997616E-3,
,,,3.38800025,340.00000358E-3,
,,,3.39200020,259.99999046E-3,
,,,3.39600015,299.99998212E-3,
,,,3.40000010,299.99998212E-3,
,,,3.40400004,359.99998450E-3,
,,,3.40800023,399.99997616E-3,
,,,3.41200018,379.99999523E-3,
,,,3.41600013,340.00000358E-3,
,,,3.42000008,399.99997616E-3,
,,,3.42400026,379.99999523E-3,
,,,3.42800021,359.99998450E-3,
,,,3.43200016,379.99999523E-3,
,,,3.43600011,340.00000358E-3,
,,,3.44000006,359.99998450E-3,
,,,3.44400024,340.00000358E-3,
,,,3.44800019,259.99999046E-3,
,,,3.45200014,280.00000119E-3,
,,,3.45600009,299.99998212E-3,
,,,3.46000028,340.00000358E-3,
,,,3.46400023,399.99997616E-3,
,,,3.46800017,399.99997616E-3,
,,,3.47200012,459.999978542E-3,
,,,3.47600007,359.99998450E-3,
,,,3.48000026,319.99999285E-3,
,,,3.48400021,340.00000358E-3,
,,,3.48800015,359.99998450E-3,
,,,3.49200010,340.00000358E-3,
,,,3.49600005,319.99999285E-3,
,,,3.50000024,340.00000358E-3,
,,,3.50400019,359.99998450E-3,
,,,3.50800014,419.999986887E-3,
,,,3.51200008,459.999978542E-3,
,,,3.51600027,399.99997616E-3,
,,,3.52000022,299.99998212E-3,
,,,3.52400017,299.99998212E-3,
,,,3.52800012,299.99998212E-3,
,,,3.53200006,319.99999285E-3,
,,,3.53600025,340.00000358E-3,
,,,3.54000020,419.999986887E-3,
,,,3.54400015,500.000000000E-3,
,,,3.54800010,379.99999523E-3,
,,,3.55200028,379.99999523E-3,
,,,3.55600023,319.99999285E-3,
,,,3.56000018,340.00000358E-3,
,,,3.56400013,419.999986887E-3,
,,,3.56800008,359.99998450E-3,
,,,3.57200027,359.99998450E-3,
,,,3.57600021,340.00000358E-3,
,,,3.58000016,439.999997616E-3,
,,,3.58400011,419.999986887E-3,
,,,3.58800006,399.99997616E-3,
,,,3.59200025,419.999986887E-3,
,,,3.59600019,319.99999285E-3,
,,,3.60000014,319.99999285E-3,
,,,3.60400009,319.99999285E-3,
,,,3.60800028,379.99999523E-3,
,,,3.61200023,419.999986887E-3,
,,,3.61600018,479.999989271E-3,
,,,3.62000012,399.99997616E-3,
,,,3.62400007,299.99998212E-3,
,,,3.62800026,280.00000119E-3,
,,,3.63200021,280.00000119E-3,
,,,3.63600016,299.99998212E-3,
,,,3.64000010,299.99998212E-3,
,,,3.64400029,399.99997616E-3,
,,,3.64800024,419.999986887E-3,
,,,3.65200019,399.99997616E-3,
,,,3.65600014,340.00000358E-3,
,,,3.66000009,299.99998212E-3,
,,,3.66400027,280.00000119E-3,
,,,3.66800022,280.00000119E-3,
,,,3.67200017,340.00000358E-3,
,,,3.67600012,399.99997616E-3,
,,,3.68000007,359.99998450E-3,
,,,3.68400025,359.99998450E-3,
,,,3.68800020,359.99998450E-3,
,,,3.69200015,399.99997616E-3,
,,,3.69600010,359.99998450E-3,
,,,3.70000029,359.99998450E-3,
,,,3.70400023,399.99997616E-3,
,,,3.70800018,359.99998450E-3,
,,,3.71200013,359.99998450E-3,
,,,3.71600008,280.00000119E-3,
,,,3.72000027,299.99998212E-3,
,,,3.72400022,319.99999285E-3,
,,,3.72800016,379.99999523E-3,
,,,3.73200011,500.000000000E-3,
,,,3.73600006,459.999978542E-3,
,,,3.74000025,439.999997616E-3,
,,,3.74400020,319.99999285E-3,
,,,3.74800014,299.99998212E-3,
,,,3.75200009,280.00000119E-3,
,,,3.75600028,359.99998450E-3,
,,,3.76000023,399.99997616E-3,
,,,3.76400018,319.99999285E-3,
,,,3.76800013,299.99998212E-3,
,,,3.77200007,319.99999285E-3,
,,,3.77600026,359.99998450E-3,
,,,3.78000021,359.99998450E-3,
,,,3.78400016,500.000000000E-3,
,,,3.78800011,439.999997616E-3,
,,,3.79200029,359.99998450E-3,
,,,3.79600024,299.99998212E-3,
,,,3.80000019,319.99999285E-3,
,,,3.80400014,319.99999285E-3,
,,,3.80800009,419.999986887E-3,
,,,3.81200027,379.99999523E-3,
,,,3.81600022,299.99998212E-3,
,,,3.82000017,340.00000358E-3,
,,,3.82400012,299.99998212E-3,
,,,3.82800007,459.999978542E-3,
,,,3.83200026,419.999986887E-3,
,,,3.83600020,459.999978542E-3,
,,,3.84000015,379.99999523E-3,
,,,3.84400010,280.00000119E-3,
,,,3.84800029,280.00000119E-3,
,,,3.85200024,299.99998212E-3,
,,,3.85600019,340.00000358E-3,
,,,3.86000013,340.00000358E-3,
,,,3.86400008,379.99999523E-3,
,,,3.86800027,379.99999523E-3,
,,,3.87200022,379.99999523E-3,
,,,3.87600017,379.99999523E-3,
,,,3.88000011,340.00000358E-3,
,,,3.88400030,319.99999285E-3,
,,,3.88800025,299.99998212E-3,
,,,3.89200020,379.99999523E-3,
,,,3.89600015,319.99999285E-3,
,,,3.90000010,299.99998212E-3,
,,,3.90400028,299.99998212E-3,
,,,3.90800023,319.99999285E-3,
,,,3.91200018,379.99999523E-3,
,,,3.91600013,419.999986887E-3,
,,,3.92000008,459.999978542E-3,
,,,3.92400026,419.999986887E-3,
,,,3.92800021,280.00000119E-3,
,,,3.93200016,280.00000119E-3,
,,,3.93600011,280.00000119E-3,
,,,3.94000030,340.00000358E-3,
,,,3.94400024,319.99999285E-3,
,,,3.94800019,379.99999523E-3,
,,,3.95200014,379.99999523E-3,
,,,3.95600009,319.99999285E-3,
,,,3.96000028,399.99997616E-3,
,,,3.96400023,379.99999523E-3,
,,,3.96800017,399.99997616E-3,
,,,3.97200012,340.00000358E-3,
,,,3.97600007,359.99998450E-3,
,,,3.98000026,340.00000358E-3,
,,,3.98400021,259.99999046E-3,
,,,3.98800015,280.00000119E-3,
,,,3.99200010,280.00000119E-3,
,,,3.99600029,340.00000358E-3,
,,,4.00000000,379.99999523E-3,
,,,4.00400019,419.999986887E-3,
,,,4.00800037,439.999997616E-3,
,,,4.01200008,379.99999523E-3,
,,,4.01600027,359.99998450E-3,
,,,4.01999998,319.99999285E-3,
,,,4.02400017,340.00000358E-3,
,,,4.02800035,319.99999285E-3,
,,,4.03200006,379.99999523E-3,
,,,4.03600025,340.00000358E-3,
,,,4.03999996,280.00000119E-3,
,,,4.04400015,299.99998212E-3,
,,,4.04800034,340.00000358E-3,
,,,4.05200005,359.99998450E-3,
,,,4.05600023,399.99997616E-3,
,,,4.06000042,459.999978542E-3,
,,,4.06400013,399.99997616E-3,
,,,4.06800032,299.99998212E-3,
,,,4.07200003,280.00000119E-3,
,,,4.07600021,259.99999046E-3,
,,,4.08000040,299.99998212E-3,
,,,4.08400011,299.99998212E-3,
,,,4.08800030,379.99999523E-3,
,,,4.09200001,359.99998450E-3,
,,,4.09600019,299.99998212E-3,
,,,4.10000038,299.99998212E-3,
,,,4.10400009,319.99999285E-3,
,,,4.10800028,359.99998450E-3,
,,,4.11199999,379.99999523E-3,
,,,4.11600018,359.99998450E-3,
,,,4.12000036,399.99997616E-3,
,,,4.12400007,379.99999523E-3,
,,,4.12800026,299.99998212E-3,
,,,4.13199997,280.00000119E-3,
,,,4.13600016,299.99998212E-3,
,,,4.14000034,299.99998212E-3,
,,,4.14400005,319.99999285E-3,
,,,4.14800024,379.99999523E-3,
,,,4.15200043,519.999980927E-3,
,,,4.15600014,419.999986887E-3,
,,,4.16000032,419.999986887E-3,
,,,4.16400003,359.99998450E-3,
,,,4.16800022,319.99999285E-3,
,,,4.17200041,299.99998212E-3,
,,,4.17600012,359.99998450E-3,
,,,4.18000031,359.99998450E-3,
,,,4.18400002,299.99998212E-3,
,,,4.18800020,319.99999285E-3,
,,,4.19200039,319.99999285E-3,
,,,4.19600010,340.00000358E-3,
,,,4.20000029,519.999980927E-3,
,,,4.20400000,459.999978542E-3,
,,,4.20800018,399.99997616E-3,
,,,4.21200037,299.99998212E-3,
,,,4.21600008,259.99999046E-3,
,,,4.22000027,299.99998212E-3,
,,,4.22399998,299.99998212E-3,
,,,4.22800016,399.99997616E-3,
,,,4.23200035,359.99998450E-3,
,,,4.23600006,379.99999523E-3,
,,,4.24000025,340.00000358E-3,
,,,4.24400043,379.99999523E-3,
,,,4.24800014,379.99999523E-3,
,,,4.25200033,379.99999523E-3,
,,,4.25600004,319.99999285E-3,
,,,4.26000023,359.99998450E-3,
,,,4.26400042,379.99999523E-3,
,,,4.26800013,340.00000358E-3,
,,,4.27200031,319.99999285E-3,
,,,4.27600002,259.99999046E-3,
,,,4.28000021,259.99999046E-3,
,,,4.28400040,259.99999046E-3,
,,,4.28800011,299.99998212E-3,
,,,4.29200029,340.00000358E-3,
,,,4.29600000,319.99999285E-3,
,,,4.30000019,419.999986887E-3,
,,,4.30400038,439.999997616E-3,
,,,4.30800009,399.99997616E-3,
,,,4.31200027,379.99999523E-3,
,,,4.31599998,299.99998212E-3,
,,,4.32000017,259.99999046E-3,
,,,4.32400036,259.99999046E-3,
,,,4.32800007,280.00000119E-3,
,,,4.33200026,280.00000119E-3,
,,,4.33600044,379.99999523E-3,
,,,4.34000015,340.00000358E-3,
,,,4.34400034,299.99998212E-3,
,,,4.34800005,259.99999046E-3,
,,,4.35200024,299.99998212E-3,
,,,4.35600042,319.99999285E-3,
,,,4.36000013,319.99999285E-3,
,,,4.36400032,399.99997616E-3,
,,,4.36800003,459.999978542E-3,
,,,4.37200022,419.999986887E-3,
,,,4.37600040,340.00000358E-3,
,,,4.38000011,280.00000119E-3,
,,,4.38400030,259.99999046E-3,
,,,4.38800001,280.00000119E-3,
,,,4.39200020,259.99999046E-3,
,,,4.39600039,319.99999285E-3,
,,,4.40000010,379.99999523E-3,
,,,4.40400028,379.99999523E-3,
,,,4.40799999,359.99998450E-3,
,,,4.41200018,399.99997616E-3,
,,,4.41600037,379.99999523E-3,
,,,4.42000008,359.99998450E-3,
,,,4.42400026,340.00000358E-3,
,,,4.42799997,299.99998212E-3,
,,,4.43200016,259.99999046E-3,
,,,4.43600035,319.99999285E-3,
,,,4.44000006,299.99998212E-3,
,,,4.44400024,359.99998450E-3,
,,,4.44800043,359.99998450E-3,
,,,4.45200014,299.99998212E-3,
,,,4.45600033,299.99998212E-3,
,,,4.46000004,299.99998212E-3,
,,,4.46400023,399.99997616E-3,
,,,4.46800041,379.99999523E-3,
,,,4.47200012,419.999986887E-3,
,,,4.47600031,359.99998450E-3,
,,,4.48000002,319.99999285E-3,
,,,4.48400021,299.99998212E-3,
,,,4.48800039,259.99999046E-3,
,,,4.49200010,299.99998212E-3,
,,,4.49600029,340.00000358E-3,
,,,4.50000000,359.99998450E-3,
,,,4.50400019,439.999997616E-3,
,,,4.50800037,419.999986887E-3,
,,,4.51200008,299.99998212E-3,
,,,4.51600027,299.99998212E-3,
,,,4.51999998,239.99999464E-3,
,,,4.52400017,259.99999046E-3,
,,,4.52800035,239.99999464E-3,
,,,4.53200006,280.00000119E-3,
,,,4.53600025,319.99999285E-3,
,,,4.54000044,299.99998212E-3,
,,,4.54400015,399.99997616E-3,
,,,4.54800034,379.99999523E-3,
,,,4.55200005,379.99999523E-3,
,,,4.55600023,359.99998450E-3,
,,,4.56000042,259.99999046E-3,
,,,4.56400013,239.99999464E-3,
,,,4.56800032,239.99999464E-3,
,,,4.57200003,299.99998212E-3,
,,,4.57600021,319.99999285E-3,
,,,4.58000040,359.99998450E-3,
,,,4.58400011,439.999997616E-3,
,,,4.58800030,419.999986887E-3,
,,,4.59200001,340.00000358E-3,
,,,4.59600019,319.99999285E-3,
,,,4.60000038,280.00000119E-3,
,,,4.60400009,280.00000119E-3,
,,,4.60800028,299.99998212E-3,
,,,4.61199999,359.99998450E-3,
,,,4.61600018,439.999997616E-3,
,,,4.62000036,459.999978542E-3,
,,,4.62400007,419.999986887E-3,
,,,4.62800026,299.99998212E-3,
,,,4.63200045,280.00000119E-3,
,,,4.63600016,259.99999046E-3,
,,,4.64000034,280.00000119E-3,
,,,4.64400005,280.00000119E-3,
,,,4.64800024,299.99998212E-3,
,,,4.65200043,379.99999523E-3,
,,,4.65600014,340.00000358E-3,
,,,4.66000032,340.00000358E-3,
,,,4.66400003,379.99999523E-3,
,,,4.66800022,359.99998450E-3,
,,,4.67200041,359.99998450E-3,
,,,4.67600012,299.99998212E-3,
,,,4.68000031,319.99999285E-3,
,,,4.68400002,280.00000119E-3,
,,,4.68800020,359.99998450E-3,
,,,4.69200039,319.99999285E-3,
,,,4.69600010,299.99998212E-3,
,,,4.70000029,259.99999046E-3,
,,,4.70400000,259.99999046E-3,
,,,4.70800018,280.00000119E-3,
,,,4.71200037,340.00000358E-3,
,,,4.71600008,239.99999464E-3,
,,,4.72000027,399.99997616E-3,
,,,4.72400045,459.999978542E-3,
,,,4.72800016,379.99999523E-3,
,,,4.73200035,359.99998450E-3,
,,,4.73600006,280.00000119E-3,
,,,4.74000025,239.99999464E-3,
,,,4.74400043,219.99999881E-3,
,,,4.74800014,259.99999046E-3,
,,,4.75200033,259.99999046E-3,
,,,4.75600004,259.99999046E-3,
,,,4.76000023,319.99999285E-3,
,,,4.76400042,319.99999285E-3,
,,,4.76800013,379.99999523E-3,
,,,4.77200031,379.99999523E-3,
,,,4.77600002,379.99999523E-3,
,,,4.78000021,340.00000358E-3,
,,,4.78400040,340.00000358E-3,
,,,4.78800011,299.99998212E-3,
,,,4.79200029,280.00000119E-3,
,,,4.79600000,259.99999046E-3,
,,,4.80000019,319.99999285E-3,
,,,4.80400038,379.99999523E-3,
,,,4.80800009,340.00000358E-3,
,,,4.81200027,359.99998450E-3,
,,,4.81600046,299.99998212E-3,
,,,4.82000017,379.99999523E-3,
,,,4.82400036,359.99998450E-3,
,,,4.82800007,359.99998450E-3,
,,,4.83200026,340.00000358E-3,
,,,4.83600044,280.00000119E-3,
,,,4.84000015,299.99998212E-3,
,,,4.84400034,280.00000119E-3,
,,,4.84800005,319.99999285E-3,
,,,4.85200024,340.00000358E-3,
,,,4.85600042,280.00000119E-3,
,,,4.86000013,280.00000119E-3,
,,,4.86400032,259.99999046E-3,
,,,4.86800003,319.99999285E-3,
,,,4.87200022,379.99999523E-3,
,,,4.87600040,340.00000358E-3,
,,,4.88000011,359.99998450E-3,
,,,4.88400030,340.00000358E-3,
,,,4.88800001,319.99999285E-3,
,,,4.89200020,319.99999285E-3,
,,,4.89600039,319.99999285E-3,
,,,4.90000010,280.00000119E-3,
,,,4.90400028,280.00000119E-3,
,,,4.90800047,239.99999464E-3,
,,,4.91200018,239.99999464E-3,
,,,4.91600037,259.99999046E-3,
,,,4.92000008,319.99999285E-3,
,,,4.92400026,280.00000119E-3,
,,,4.92800045,399.99997616E-3,
,,,4.93200016,399.99997616E-3,
,,,4.93600035,399.99997616E-3,
,,,4.94000006,340.00000358E-3,
,,,4.94400024,319.99999285E-3,
,,,4.94800043,299.99998212E-3,
,,,4.95200014,280.00000119E-3,
,,,4.95600033,359.99998450E-3,
,,,4.96000004,340.00000358E-3,
,,,4.96400023,299.99998212E-3,
,,,4.96800041,259.99999046E-3,
,,,4.97200012,259.99999046E-3,
,,,4.97600031,280.00000119E-3,
,,,4.98000002,280.00000119E-3,
,,,4.98400021,299.99998212E-3,
,,,4.98800039,439.999997616E-3,
,,,4.99200010,500.000000000E-3,
,,,4.99600029,439.999997616E-3,
,,,5.00000000,399.99997616E-3,
,,,5.00400019,280.00000119E-3,
,,,5.00800037,259.99999046E-3,
,,,5.01200008,239.99999464E-3,
,,,5.01600027,280.00000119E-3,
,,,5.02000046,280.00000119E-3,
,,,5.02400017,280.00000119E-3,
,,,5.02800035,319.99999285E-3,
,,,5.03200006,359.99998450E-3,
,,,5.03600025,359.99998450E-3,
,,,5.04000044,399.99997616E-3,
,,,5.04400015,359.99998450E-3,
,,,5.04800034,379.99999523E-3,
,,,5.05200005,319.99999285E-3,
,,,5.05600023,319.99999285E-3,
,,,5.06000042,359.99998450E-3,
,,,5.06400013,359.99998450E-3,
,,,5.06800032,319.99999285E-3,
,,,5.07200003,259.99999046E-3,
,,,5.07600021,280.00000119E-3,
,,,5.08000040,280.00000119E-3,
,,,5.08400011,340.00000358E-3,
,,,5.08800030,340.00000358E-3,
,,,5.09200001,500.000000000E-3,
,,,5.09600019,459.999978542E-3,
,,,5.10000038,399.99997616E-3,
,,,5.10400009,340.00000358E-3,
,,,5.10800028,299.99998212E-3,
,,,5.11200047,319.99999285E-3,
,,,5.11600018,299.99998212E-3,
,,,5.12000036,379.99999523E-3,
,,,5.12400007,359.99998450E-3,
,,,5.12800026,319.99999285E-3,
,,,5.13200045,319.99999285E-3,
,,,5.13600016,419.999986887E-3,
,,,5.14000034,419.999986887E-3,
,,,5.14400005,439.999997616E-3,
,,,5.14800024,359.99998450E-3,
,,,5.15200043,319.99999285E-3,
,,,5.15600014,280.00000119E-3,
,,,5.16000032,299.99998212E-3,
,,,5.16400003,299.99998212E-3,
,,,5.16800022,359.99998450E-3,
,,,5.17200041,399.99997616E-3,
,,,5.17600012,359.99998450E-3,
,,,5.18000031,379.99999523E-3,
,,,5.18400002,379.99999523E-3,
,,,5.18800020,359.99998450E-3,
,,,5.19200039,340.00000358E-3,
,,,5.19600010,340.00000358E-3,
,,,5.20000029,359.99998450E-3,
,,,5.20400047,340.00000358E-3,
,,,5.20800018,319.99999285E-3,
,,,5.21200037,239.99999464E-3,
,,,5.21600008,280.00000119E-3,
,,,5.22000027,280.00000119E-3,
,,,5.22400045,319.99999285E-3,
,,,5.22800016,319.99999285E-3,
,,,5.23200035,439.999997616E-3,
,,,5.23600006,439.999997616E-3,
,,,5.24000025,359.99998450E-3,
,,,5.24400043,319.99999285E-3,
,,,5.24800014,259.99999046E-3,
,,,5.25200033,280.00000119E-3,
,,,5.25600004,259.99999046E-3,
,,,5.26000023,280.00000119E-3,
,,,5.26400042,340.00000358E-3,
,,,5.26800013,379.99999523E-3,
,,,5.27200031,319.99999285E-3,
,,,5.27600002,319.99999285E-3,
,,,5.28000021,280.00000119E-3,
,,,5.28400040,319.99999285E-3,
,,,5.28800011,379.99999523E-3,
,,,5.29200029,399.99997616E-3,
,,,5.29600048,379.99999523E-3,
,,,5.30000019,419.999986887E-3,
,,,5.30400038,419.999986887E-3,
,,,5.30800009,359.99998450E-3,
,,,5.31200027,280.00000119E-3,
,,,5.31600046,239.99999464E-3,
,,,5.32000017,239.99999464E-3,
,,,5.32400036,239.99999464E-3,
,,,5.32800007,239.99999464E-3,
,,,5.33200026,280.00000119E-3,
,,,5.33600044,259.99999046E-3,
,,,5.34000015,359.99998450E-3,
,,,5.34400034,340.00000358E-3,
,,,5.34800005,280.00000119E-3,
,,,5.35200024,259.99999046E-3,
,,,5.35600042,280.00000119E-3,
,,,5.36000013,319.99999285E-3,
,,,5.36400032,399.99997616E-3,
,,,5.36800003,399.99997616E-3,
,,,5.37200022,399.99997616E-3,
,,,5.37600040,439.999997616E-3,
,,,5.38000011,340.00000358E-3,
,,,5.38400030,319.99999285E-3,
,,,5.38800049,239.99999464E-3,
,,,5.39200020,259.99999046E-3,
,,,5.39600039,259.99999046E-3,
,,,5.40000010,280.00000119E-3,
,,,5.40400028,280.00000119E-3,
,,,5.40800047,280.00000119E-3,
,,,5.41200018,359.99998450E-3,
,,,5.41600037,439.999997616E-3,
,,,5.42000008,459.999978542E-3,
,,,5.42400026,419.999986887E-3,
,,,5.42800045,319.99999285E-3,
,,,5.43200016,299.99998212E-3,
,,,5.43600035,259.99999046E-3,
,,,5.44000006,259.99999046E-3,
,,,5.44400024,259.99999046E-3,
,,,5.44800043,259.99999046E-3,
,,,5.45200014,319.99999285E-3,
,,,5.45600033,359.99998450E-3,
,,,5.46000004,340.00000358E-3,
,,,5.46400023,340.00000358E-3,
,,,5.46800041,259.99999046E-3,
,,,5.47200012,280.00000119E-3,
,,,5.47600031,280.00000119E-3,
,,,5.48000050,379.99999523E-3,
,,,5.48400021,379.99999523E-3,
,,,5.48800039,379.99999523E-3,
,,,5.49200010,359.99998450E-3,
,,,5.49600029,379.99999523E-3,
,,,5.50000048,340.00000358E-3,
,,,5.50400019,299.99998212E-3,
,,,5.50800037,239.99999464E-3,
,,,5.51200008,239.99999464E-3,
,,,5.51600027,239.99999464E-3,
,,,5.52000046,259.99999046E-3,
,,,5.52400017,259.99999046E-3,
,,,5.52800035,340.00000358E-3,
,,,5.53200006,340.00000358E-3,
,,,5.53600025,340.00000358E-3,
,,,5.54000044,319.99999285E-3,
,,,5.54400015,319.99999285E-3,
,,,5.54800034,299.99998212E-3,
,,,5.55200005,299.99998212E-3,
,,,5.55600023,340.00000358E-3,
,,,5.56000042,379.99999523E-3,
,,,5.56400013,359.99998450E-3,
,,,5.56800032,280.00000119E-3,
,,,5.57200003,340.00000358E-3,
,,,5.57600021,319.99999285E-3,
,,,5.58000040,299.99998212E-3,
,,,5.58400011,299.99998212E-3,
,,,5.58800030,239.99999464E-3,
,,,5.59200048,259.99999046E-3,
,,,5.59600019,259.99999046E-3,
,,,5.60000038,299.99998212E-3,
,,,5.60400009,319.99999285E-3,
,,,5.60800028,399.99997616E-3,
,,,5.61200047,399.99997616E-3,
,,,5.61600018,439.999997616E-3,
,,,5.62000036,359.99998450E-3,
,,,5.62400007,340.00000358E-3,
,,,5.62800026,319.99999285E-3,
,,,5.63200045,299.99998212E-3,
,,,5.63600016,259.99999046E-3,
,,,5.64000034,280.00000119E-3,
,,,5.64400005,340.00000358E-3,
,,,5.64800024,359.99998450E-3,
,,,5.65200043,319.99999285E-3,
,,,5.65600014,259.99999046E-3,
,,,5.66000032,259.99999046E-3,
,,,5.66400003,259.99999046E-3,
,,,5.66800022,299.99998212E-3,
,,,5.67200041,280.00000119E-3,
,,,5.67600012,319.99999285E-3,
,,,5.68000031,419.999986887E-3,
,,,5.68400049,419.999986887E-3,
,,,5.68800020,419.999986887E-3,
,,,5.69200039,399.99997616E-3,
,,,5.69600010,259.99999046E-3,
,,,5.70000029,259.99999046E-3,
,,,5.70400047,239.99999464E-3,
,,,5.70800018,299.99998212E-3,
,,,5.71200037,280.00000119E-3,
,,,5.71600008,379.99999523E-3,
,,,5.72000027,379.99999523E-3,
,,,5.72400045,359.99998450E-3,
,,,5.72800016,299.99998212E-3,
,,,5.73200035,299.99998212E-3,
,,,5.73600006,379.99999523E-3,
,,,5.74000025,379.99999523E-3,
,,,5.74400043,359.99998450E-3,
,,,5.74800014,379.99999523E-3,
,,,5.75200033,379.99999523E-3,
,,,5.75600004,319.99999285E-3,
,,,5.76000023,319.99999285E-3,
,,,5.76400042,280.00000119E-3,
,,,5.76800013,280.00000119E-3,
,,,5.77200031,280.00000119E-3,
,,,5.77600050,319.99999285E-3,
,,,5.78000021,340.00000358E-3,
,,,5.78400040,399.99997616E-3,
,,,5.78800011,459.999978542E-3,
,,,5.79200029,379.99999523E-3,
,,,5.79600048,319.99999285E-3,
,,,5.80000019,239.99999464E-3,
,,,5.80400038,259.99999046E-3,
,,,5.80800009,259.99999046E-3,
,,,5.81200027,259.99999046E-3,
,,,5.81600046,319.99999285E-3,
,,,5.82000017,299.99998212E-3,
,,,5.82400036,379.99999523E-3,
,,,5.82800007,379.99999523E-3,
,,,5.83200026,340.00000358E-3,
,,,5.83600044,280.00000119E-3,
,,,5.84000015,359.99998450E-3,
,,,5.84400034,340.00000358E-3,
,,,5.84800005,359.99998450E-3,
,,,5.85200024,280.00000119E-3,
,,,5.85600042,299.99998212E-3,
,,,5.86000013,259.99999046E-3,
,,,5.86400032,259.99999046E-3,
,,,5.86800051,280.00000119E-3,
,,,5.87200022,319.99999285E-3,
,,,5.87600040,319.99999285E-3,
,,,5.88000011,319.99999285E-3,
,,,5.88400030,280.00000119E-3,
,,,5.88800049,239.99999464E-3,
,,,5.89200020,259.99999046E-3,
,,,5.89600039,239.99999464E-3,
,,,5.90000010,280.00000119E-3,
,,,5.90400028,219.99999881E-3,
,,,5.90800047,359.99998450E-3,
,,,5.91200018,359.99998450E-3,
,,,5.91600037,340.00000358E-3,
,,,5.92000008,379.99999523E-3,
,,,5.92400026,340.00000358E-3,
,,,5.92800045,379.99999523E-3,
,,,5.93200016,340.00000358E-3,
,,,5.93600035,299.99998212E-3,
,,,5.94000006,239.99999464E-3,
,,,5.94400024,280.00000119E-3,
,,,5.94800043,219.99999881E-3,
,,,5.95200014,239.99999464E-3,
,,,5.95600033,219.99999881E-3,
,,,5.96000051,239.99999464E-3,
,,,5.96400023,239.99999464E-3,
,,,5.96800041,259.99999046E-3,
,,,5.97200012,299.99998212E-3,
,,,5.97600031,340.00000358E-3,
,,,5.98000050,459.999978542E-3,
,,,5.98400021,419.999986887E-3,
,,,5.98800039,399.99997616E-3,
,,,5.99200010,359.99998450E-3,
,,,5.99600029,319.99999285E-3,
,,,6.00000048,239.99999464E-3,
,,,6.00400019,239.99999464E-3,
,,,6.00800037,219.99999881E-3,
,,,6.01200008,239.99999464E-3,
,,,6.01600027,259.99999046E-3,
,,,6.02000046,239.99999464E-3,
,,,6.02400017,319.99999285E-3,
,,,6.02800035,340.00000358E-3,
,,,6.03200006,379.99999523E-3,
,,,6.03600025,419.999986887E-3,
,,,6.04000044,439.999997616E-3,
,,,6.04400015,319.99999285E-3,
,,,6.04800034,319.99999285E-3,
,,,6.05200052,239.99999464E-3,
,,,6.05600023,259.99999046E-3,
,,,6.06000042,239.99999464E-3,
,,,6.06400013,280.00000119E-3,
,,,6.06800032,259.99999046E-3,
,,,6.07200050,280.00000119E-3,
,,,6.07600021,340.00000358E-3,
,,,6.08000040,379.99999523E-3,
,,,6.08400011,359.99998450E-3,
,,,6.08800030,340.00000358E-3,
,,,6.09200048,359.99998450E-3,
,,,6.09600019,379.99999523E-3,
,,,6.10000038,359.99998450E-3,
,,,6.10400009,379.99999523E-3,
,,,6.10800028,299.99998212E-3,
,,,6.11200047,359.99998450E-3,
,,,6.11600018,319.99999285E-3,
,,,6.12000036,259.99999046E-3,
,,,6.12400007,259.99999046E-3,
,,,6.12800026,259.99999046E-3,
,,,6.13200045,319.99999285E-3,
,,,6.13600016,319.99999285E-3,
,,,6.14000034,399.99997616E-3,
,,,6.14400005,379.99999523E-3,
,,,6.14800024,379.99999523E-3,
,,,6.15200043,379.99999523E-3,
,,,6.15600014,359.99998450E-3,
,,,6.16000032,340.00000358E-3,
,,,6.16400051,299.99998212E-3,
,,,6.16800022,379.99999523E-3,
,,,6.17200041,340.00000358E-3,
,,,6.17600012,319.99999285E-3,
,,,6.18000031,259.99999046E-3,
,,,6.18400049,239.99999464E-3,
,,,6.18800020,259.99999046E-3,
,,,6.19200039,259.99999046E-3,
,,,6.19600010,259.99999046E-3,
,,,6.20000029,340.00000358E-3,
,,,6.20400047,399.99997616E-3,
,,,6.20800018,399.99997616E-3,
,,,6.21200037,439.999997616E-3,
,,,6.21600008,359.99998450E-3,
,,,6.22000027,359.99998450E-3,
,,,6.22400045,319.99999285E-3,
,,,6.22800016,319.99999285E-3,
,,,6.23200035,299.99998212E-3,
,,,6.23600006,280.00000119E-3,
,,,6.24000025,319.99999285E-3,
,,,6.24400043,319.99999285E-3,
,,,6.24800014,299.99998212E-3,
,,,6.25200033,299.99998212E-3,
,,,6.25600052,280.00000119E-3,
,,,6.26000023,299.99998212E-3,
,,,6.26400042,280.00000119E-3,
,,,6.26800013,359.99998450E-3,
,,,6.27200031,379.99999523E-3,
,,,6.27600050,459.999978542E-3,
,,,6.28000021,419.999986887E-3,
,,,6.28400040,340.00000358E-3,
,,,6.28800011,259.99999046E-3,
,,,6.29200029,259.99999046E-3,
,,,6.29600048,259.99999046E-3,
,,,6.30000019,280.00000119E-3,
,,,6.30400038,359.99998450E-3,
,,,6.30800009,340.00000358E-3,
,,,6.31200027,340.00000358E-3,
,,,6.31600046,280.00000119E-3,
,,,6.32000017,259.99999046E-3,
,,,6.32400036,259.99999046E-3,
,,,6.32800007,280.00000119E-3,
,,,6.33200026,299.99998212E-3,
,,,6.33600044,379.99999523E-3,
,,,6.34000015,459.999978542E-3,
,,,6.34400034,419.999986887E-3,
,,,6.34800053,379.99999523E-3,
,,,6.35200024,299.99998212E-3,
,,,6.35600042,280.00000119E-3,
,,,6.36000013,259.99999046E-3,
,,,6.36400032,219.99999881E-3,
,,,6.36800051,219.99999881E-3,
,,,6.37200022,219.99999881E-3,
,,,6.37600040,239.99999464E-3,
,,,6.38000011,259.99999046E-3,
,,,6.38400030,219.99999881E-3,
,,,6.38800049,280.00000119E-3,
,,,6.39200020,319.99999285E-3,
,,,6.39600039,319.99999285E-3,
,,,6.40000010,319.99999285E-3,
,,,6.40400028,280.00000119E-3,
,,,6.40800047,280.00000119E-3,
,,,6.41200018,299.99998212E-3,
,,,6.41600037,219.99999881E-3,
,,,6.42000008,239.99999464E-3,
,,,6.42400026,239.99999464E-3,
,,,6.42800045,259.99999046E-3,
,,,6.43200016,299.99998212E-3,
,,,6.43600035,299.99998212E-3,
,,,6.44000053,359.99998450E-3,
,,,6.44400024,359.99998450E-3,
,,,6.44800043,340.00000358E-3,
,,,6.45200014,359.99998450E-3,
,,,6.45600033,359.99998450E-3,
,,,6.46000051,340.00000358E-3,
,,,6.46400023,319.99999285E-3,
,,,6.46800041,219.99999881E-3,
,,,6.47200012,219.99999881E-3,
,,,6.47600031,219.99999881E-3,
,,,6.48000050,219.99999881E-3,
,,,6.48400021,219.99999881E-3,
,,,6.48800039,239.99999464E-3,
,,,6.49200010,259.99999046E-3,
,,,6.49600029,239.99999464E-3,
,,,6.50000048,259.99999046E-3,
,,,6.50400019,280.00000119E-3,
,,,6.50800037,280.00000119E-3,
,,,6.51200008,379.99999523E-3,
,,,6.51600027,319.99999285E-3,
,,,6.52000046,319.99999285E-3,
,,,6.52400017,280.00000119E-3,
,,,6.52800035,299.99998212E-3,
,,,6.53200054,239.99999464E-3,
,,,6.53600025,259.99999046E-3,
,,,6.54000044,259.99999046E-3,
,,,6.54400015,199.99998808E-3,
,,,6.54800034,199.99998808E-3,
,,,6.55200052,199.99998808E-3,
,,,6.55600023,199.99998808E-3,
,,,6.56000042,219.99999881E-3,
,,,6.56400013,179.99999225E-3,
,,,6.56800032,199.99998808E-3,
,,,6.57200050,179.99999225E-3,
,,,6.57600021,159.99999642E-3,
,,,6.58000040,159.99999642E-3,
,,,6.58400011,199.99998808E-3,
,,,6.58800030,179.99999225E-3,
,,,6.59200048,199.99998808E-3,
,,,6.59600019,199.99998808E-3,
,,,6.60000038,179.99999225E-3,
,,,6.60400009,219.99999881E-3,
,,,6.60800028,219.99999881E-3,
,,,6.61200047,199.99998808E-3,
,,,6.61600018,239.99999464E-3,
,,,6.62000036,239.99999464E-3,
,,,6.62400055,219.99999881E-3,
,,,6.62800026,280.00000119E-3,
,,,6.63200045,259.99999046E-3,
,,,6.63600016,319.99999285E-3,
,,,6.64000034,319.99999285E-3,
,,,6.64400053,319.99999285E-3,
,,,6.64800024,280.00000119E-3,
,,,6.65200043,319.99999285E-3,
,,,6.65600014,299.99998212E-3,
,,,6.66000032,340.00000358E-3,
,,,6.66400051,299.99998212E-3,
,,,6.66800022,319.99999285E-3,
,,,6.67200041,280.00000119E-3,
,,,6.67600012,259.99999046E-3,
,,,6.68000031,299.99998212E-3,
,,,6.68400049,239.99999464E-3,
,,,6.68800020,219.99999881E-3,
,,,6.69200039,280.00000119E-3,
,,,6.69600010,259.99999046E-3,
,,,6.70000029,219.99999881E-3,
,,,6.70400047,280.00000119E-3,
,,,6.70800018,280.00000119E-3,
,,,6.71200037,280.00000119E-3,
,,,6.71600056,259.99999046E-3,
,,,6.72000027,239.99999464E-3,
,,,6.72400045,179.99999225E-3,
,,,6.72800016,219.99999881E-3,
,,,6.73200035,159.99999642E-3,
,,,6.73600054,179.99999225E-3,
,,,6.74000025,179.99999225E-3,
,,,6.74400043,179.99999225E-3,
,,,6.74800014,159.99999642E-3,
,,,6.75200033,159.99999642E-3,
,,,6.75600052,179.99999225E-3,
,,,6.76000023,179.99999225E-3,
,,,6.76400042,179.99999225E-3,
,,,6.76800013,179.99999225E-3,
,,,6.77200031,179.99999225E-3,
,,,6.77600050,159.99999642E-3,
,,,6.78000021,199.99998808E-3,
,,,6.78400040,199.99998808E-3,
,,,6.78800011,199.99998808E-3,
,,,6.79200029,239.99999464E-3,
,,,6.79600048,239.99999464E-3,
,,,6.80000019,199.99998808E-3,
,,,6.80400038,280.00000119E-3,
,,,6.80800009,199.99998808E-3,
,,,6.81200027,299.99998212E-3,
,,,6.81600046,299.99998212E-3,
,,,6.82000017,280.00000119E-3,
,,,6.82400036,219.99999881E-3,
,,,6.82800055,239.99999464E-3,
,,,6.83200026,199.99998808E-3,
,,,6.83600044,219.99999881E-3,
,,,6.84000015,199.99998808E-3,
,,,6.84400034,219.99999881E-3,
,,,6.84800053,219.99999881E-3,
,,,6.85200024,199.99998808E-3,
,,,6.85600042,239.99999464E-3,
,,,6.86000013,239.99999464E-3,
,,,6.86400032,239.99999464E-3,
,,,6.86800051,280.00000119E-3,
,,,6.87200022,340.00000358E-3,
,,,6.87600040,319.99999285E-3,
,,,6.88000011,299.99998212E-3,
,,,6.88400030,280.00000119E-3,
,,,6.88800049,259.99999046E-3,
,,,6.89200020,280.00000119E-3,
,,,6.89600039,239.99999464E-3,
,,,6.90000010,199.99998808E-3,
,,,6.90400028,239.99999464E-3,
,,,6.90800047,179.99999225E-3,
,,,6.91200018,179.99999225E-3,
,,,6.91600037,199.99998808E-3,
,,,6.92000055,179.99999225E-3,
,,,6.92400026,179.99999225E-3,
,,,6.92800045,159.99999642E-3,
,,,6.93200016,179.99999225E-3,
,,,6.93600035,159.99999642E-3,
,,,6.94000053,179.99999225E-3,
,,,6.94400024,179.99999225E-3,
,,,6.94800043,179.99999225E-3,
,,,6.95200014,179.99999225E-3,
,,,6.95600033,179.99999225E-3,
,,,6.96000051,199.99998808E-3,
,,,6.96400023,179.99999225E-3,
,,,6.96800041,199.99998808E-3,
,,,6.97200012,219.99999881E-3,
,,,6.97600031,219.99999881E-3,
,,,6.98000050,259.99999046E-3,
,,,6.98400021,219.99999881E-3,
,,,6.98800039,319.99999285E-3,
,,,6.99200010,280.00000119E-3,
,,,6.99600029,319.99999285E-3,
,,,7.00000048,280.00000119E-3,
,,,7.00400019,280.00000119E-3,
,,,7.00800037,259.99999046E-3,
,,,7.01200056,259.99999046E-3,
,,,7.01600027,280.00000119E-3,
,,,7.02000046,219.99999881E-3,
,,,7.02400017,199.99998808E-3,
,,,7.02800035,179.99999225E-3,
,,,7.03200054,199.99998808E-3,
,,,7.03600025,199.99998808E-3,
,,,7.04000044,179.99999225E-3,
,,,7.04400015,179.99999225E-3,
,,,7.04800034,179.99999225E-3,
,,,7.05200052,179.99999225E-3,
,,,7.05600023,159.99999642E-3,
,,,7.06000042,159.99999642E-3,
,,,7.06400013,159.99999642E-3,
,,,7.06800032,159.99999642E-3,
,,,7.07200050,159.99999642E-3,
,,,7.07600021,140.0000006E-3,
,,,7.08000040,159.99999642E-3,
,,,7.08400011,159.99999642E-3,
,,,7.08800030,140.0000006E-3,
,,,7.09200048,159.99999642E-3,
,,,7.09600019,140.0000006E-3,
,,,7.10000038,159.99999642E-3,
,,,7.10400057,179.99999225E-3,
,,,7.10800028,199.99998808E-3,
,,,7.11200047,219.99999881E-3,
,,,7.11600018,239.99999464E-3,
,,,7.12000036,219.99999881E-3,
,,,7.12400055,239.99999464E-3,
,,,7.12800026,239.99999464E-3,
,,,7.13200045,280.00000119E-3,
,,,7.13600016,239.99999464E-3,
,,,7.14000034,280.00000119E-3,
,,,7.14400053,219.99999881E-3,
,,,7.14800024,179.99999225E-3,
,,,7.15200043,199.99998808E-3,
,,,7.15600014,199.99998808E-3,
,,,7.16000032,199.99998808E-3,
,,,7.16400051,239.99999464E-3,
,,,7.16800022,199.99998808E-3,
,,,7.17200041,179.99999225E-3,
,,,7.17600012,199.99998808E-3,
,,,7.18000031,199.99998808E-3,
,,,7.18400049,199.99998808E-3,
,,,7.18800020,219.99999881E-3,
,,,7.19200039,199.99998808E-3,
,,,7.19600058,199.99998808E-3,
,,,7.20000029,199.99998808E-3,
,,,7.20400047,199.99998808E-3,
,,,7.20800018,259.99999046E-3,
,,,7.21200037,239.99999464E-3,
,,,7.21600056,280.00000119E-3,
,,,7.22000027,239.99999464E-3,
,,,7.22400045,219.99999881E-3,
,,,7.22800016,199.99998808E-3,
,,,7.23200035,259.99999046E-3,
,,,7.23600054,259.99999046E-3,
,,,7.24000025,259.99999046E-3,
,,,7.24400043,239.99999464E-3,
,,,7.24800014,239.99999464E-3,
,,,7.25200033,219.99999881E-3,
,,,7.25600052,259.99999046E-3,
,,,7.26000023,280.00000119E-3,
,,,7.26400042,280.00000119E-3,
,,,7.26800013,259.99999046E-3,
,,,7.27200031,299.99998212E-3,
,,,7.27600050,299.99998212E-3,
,,,7.28000021,299.99998212E-3,
,,,7.28400040,340.00000358E-3,
,,,7.28800058,319.99999285E-3,
,,,7.29200029,299.99998212E-3,
,,,7.29600048,340.00000358E-3,
,,,7.30000019,319.99999285E-3,
,,,7.30400038,299.99998212E-3,
,,,7.30800056,359.99998450E-3,
,,,7.31200027,259.99999046E-3,
,,,7.31600046,299.99998212E-3,
,,,7.32000017,280.00000119E-3,
,,,7.32400036,239.99999464E-3,
,,,7.32800055,219.99999881E-3,
,,,7.33200026,239.99999464E-3,
,,,7.33600044,179.99999225E-3,
,,,7.34000015,179.99999225E-3,
,,,7.34400034,219.99999881E-3,
,,,7.34800053,179.99999225E-3,
,,,7.35200024,159.99999642E-3,
,,,7.35600042,159.99999642E-3,
,,,7.36000013,159.99999642E-3,
,,,7.36400032,159.99999642E-3,
,,,7.36800051,159.99999642E-3,
,,,7.37200022,159.99999642E-3,
,,,7.37600040,159.99999642E-3,
,,,7.38000011,159.99999642E-3,
,,,7.38400030,179.99999225E-3,
,,,7.38800049,179.99999225E-3,
,,,7.392000198,140.0000006E-3,
,,,7.396000385,179.99999225E-3,
,,,7.400000572,199.99998808E-3,
,,,7.404000282,219.99999881E-3,
,,,7.408000469,259.99999046E-3,
,,,7.412000179,280.00000119E-3,
,,,7.416000366,239.99999464E-3,
,,,7.420000553,299.99998212E-3,
,,,7.424000263,219.99999881E-3,
,,,7.428000450,199.99998808E-3,
,,,7.432000160,219.99999881E-3,
,,,7.436000347,179.99999225E-3,
,,,7.440000534,179.99999225E-3,
,,,7.444000244,179.99999225E-3,
,,,7.448000431,140.0000006E-3,
,,,7.452000141,159.99999642E-3,
,,,7.456000328,179.99999225E-3,
,,,7.460000515,140.0000006E-3,
,,,7.464000225,159.99999642E-3,
,,,7.468000412,179.99999225E-3,
,,,7.472000122,179.99999225E-3,
,,,7.476000309,199.99998808E-3,
,,,7.480000496,259.99999046E-3,
,,,7.484000206,259.99999046E-3,
,,,7.488000393,239.99999464E-3,
,,,7.492000580,199.99998808E-3,
,,,7.496000290,179.99999225E-3,
,,,7.500000477,140.0000006E-3,
,,,7.504000187,140.0000006E-3,
,,,7.508000374,140.0000006E-3,
,,,7.512000561,119.9999973E-3,
,,,7.516000271,119.9999973E-3,
,,,7.520000458,119.9999973E-3,
,,,7.524000168,119.9999973E-3,
,,,7.528000355,179.99999225E-3,
,,,7.532000542,199.99998808E-3,
,,,7.536000252,199.99998808E-3,
,,,7.540000439,179.99999225E-3,
,,,7.544000149,159.99999642E-3,
,,,7.548000336,159.99999642E-3,
,,,7.552000523,159.99999642E-3,
,,,7.556000233,119.9999973E-3,
,,,7.560000420,119.9999973E-3,
,,,7.564000130,99.999994040E-3,
,,,7.568000317,99.999994040E-3,
,,,7.572000504,119.9999973E-3,
,,,7.576000214,140.0000006E-3,
,,,7.580000401,179.99999225E-3,
,,,7.584000587,219.99999881E-3,
,,,7.588000298,219.99999881E-3,
,,,7.592000484,179.99999225E-3,
,,,7.596000195,179.99999225E-3,
,,,7.600000381,119.9999973E-3,
,,,7.604000568,119.9999973E-3,
,,,7.608000278,140.0000006E-3,
,,,7.612000465,99.999994040E-3,
,,,7.616000175,119.9999973E-3,
,,,7.620000362,199.99998808E-3,
,,,7.624000549,199.99998808E-3,
,,,7.628000259,219.99999881E-3,
,,,7.632000446,280.00000119E-3,
,,,7.636000156,179.99999225E-3,
,,,7.640000343,179.99999225E-3,
,,,7.644000530,199.99998808E-3,
,,,7.648000240,179.99999225E-3,
,,,7.652000427,159.99999642E-3,
,,,7.656000137,179.99999225E-3,
,,,7.660000324,179.99999225E-3,
,,,7.664000511,259.99999046E-3,
,,,7.668000221,280.00000119E-3,
,,,7.672000408,280.00000119E-3,
,,,7.676000595,259.99999046E-3,
,,,7.680000305,179.99999225E-3,
,,,7.684000492,179.99999225E-3,
,,,7.688000202,119.9999973E-3,
,,,7.692000389,140.0000006E-3,
,,,7.696000576,119.9999973E-3,
,,,7.700000286,99.999994040E-3,
,,,7.704000473,99.999994040E-3,
,,,7.708000183,159.99999642E-3,
,,,7.712000370,179.99999225E-3,
,,,7.716000557,199.99998808E-3,
,,,7.720000267,219.99999881E-3,
,,,7.724000454,219.99999881E-3,
,,,7.728000164,199.99998808E-3,
,,,7.732000351,259.99999046E-3,
,,,7.736000538,179.99999225E-3,
,,,7.740000248,199.99998808E-3,
,,,7.744000435,280.00000119E-3,
,,,7.748000145,219.99999881E-3,
,,,7.752000332,259.99999046E-3,
,,,7.756000519,280.00000119E-3,
,,,7.760000229,259.99999046E-3,
,,,7.764000416,280.00000119E-3,
,,,7.768000603,239.99999464E-3,
,,,7.772000313,219.99999881E-3,
,,,7.776000500,219.99999881E-3,
,,,7.780000210,219.99999881E-3,
,,,7.784000397,239.99999464E-3,
,,,7.788000584,280.00000119E-3,
,,,7.792000294,299.99998212E-3,
,,,7.796000481,399.99997616E-3,
,,,7.800000191,459.999978542E-3,
,,,7.804000378,399.99997616E-3,
,,,7.808000565,319.99999285E-3,
,,,7.812000275,340.00000358E-3,
,,,7.816000462,299.99998212E-3,
,,,7.820000172,340.00000358E-3,
,,,7.824000359,399.99997616E-3,
,,,7.828000546,340.00000358E-3,
,,,7.832000256,340.00000358E-3,
,,,7.836000443,439.999997616E-3,
,,,7.840000153,399.99997616E-3,
,,,7.844000340,459.999978542E-3,
,,,7.848000526,319.99999285E-3,
,,,7.852000237,319.99999285E-3,
,,,7.856000423,359.99998450E-3,
,,,7.860000610,359.99998450E-3,
,,,7.864000320,539.999961853E-3,
,,,7.868000507,419.999986887E-3,
,,,7.872000217,340.00000358E-3,
,,,7.876000404,319.99999285E-3,
,,,7.880000591,340.00000358E-3,
,,,7.884000301,479.999989271E-3,
,,,7.888000488,479.999989271E-3,
,,,7.892000198,419.999986887E-3,
,,,7.896000385,319.99999285E-3,
,,,7.900000572,299.99998212E-3,
,,,7.904000282,299.99998212E-3,
,,,7.908000469,340.00000358E-3,
,,,7.912000179,340.00000358E-3,
,,,7.916000366,259.99999046E-3,
,,,7.920000553,280.00000119E-3,
,,,7.924000263,259.99999046E-3,
,,,7.928000450,340.00000358E-3,
,,,7.932000160,439.999997616E-3,
,,,7.936000347,459.999978542E-3,
,,,7.940000534,479.999989271E-3,
,,,7.944000244,379.99999523E-3,
,,,7.948000431,299.99998212E-3,
,,,7.952000141,299.99998212E-3,
,,,7.956000328,359.99998450E-3,
,,,7.960000515,439.999997616E-3,
,,,7.964000225,379.99999523E-3,
,,,7.968000412,359.99998450E-3,
,,,7.972000599,439.999997616E-3,
,,,7.976000309,359.99998450E-3,
,,,7.980000496,459.999978542E-3,
,,,7.984000206,419.999986887E-3,
,,,7.988000393,379.99999523E-3,
,,,7.992000580,479.999989271E-3,
,,,7.996000290,419.999986887E-3,
,,,8.000000000,419.999986887E-3,
,,,8.004000664,399.99997616E-3,
,,,8.008000374,319.99999285E-3,
,,,8.012000084,299.99998212E-3,
,,,8.016000748,319.99999285E-3,
,,,8.020000458,340.00000358E-3,
,,,8.024000168,399.99997616E-3,
,,,8.028000832,399.99997616E-3,
,,,8.032000542,379.99999523E-3,
,,,8.036000252,379.99999523E-3,
,,,8.039999962,340.00000358E-3,
,,,8.044000626,359.99998450E-3,
,,,8.048000336,399.99997616E-3,
,,,8.052000046,319.99999285E-3,
,,,8.056000710,319.99999285E-3,
,,,8.060000420,280.00000119E-3,
,,,8.064000130,299.99998212E-3,
,,,8.068000793,319.99999285E-3,
,,,8.072000504,459.999978542E-3,
,,,8.076000214,519.999980927E-3,
,,,8.079999924,419.999986887E-3,
,,,8.084000587,379.99999523E-3,
,,,8.088000298,280.00000119E-3,
,,,8.092000008,280.00000119E-3,
,,,8.096000671,280.00000119E-3,
,,,8.100000381,319.99999285E-3,
,,,8.104000092,319.99999285E-3,
,,,8.108000755,419.999986887E-3,
,,,8.112000465,459.999978542E-3,
,,,8.116000175,379.99999523E-3,
,,,8.120000839,359.99998450E-3,
,,,8.124000549,319.99999285E-3,
,,,8.128000259,359.99998450E-3,
,,,8.131999969,399.99997616E-3,
,,,8.136000633,359.99998450E-3,
,,,8.140000343,319.99999285E-3,
,,,8.144000053,280.00000119E-3,
,,,8.148000717,280.00000119E-3,
,,,8.152000427,280.00000119E-3,
,,,8.156000137,359.99998450E-3,
,,,8.160000801,419.999986887E-3,
,,,8.164000511,340.00000358E-3,
,,,8.168000221,379.99999523E-3,
,,,8.171999931,359.99998450E-3,
,,,8.176000595,319.99999285E-3,
,,,8.180000305,259.99999046E-3,
,,,8.184000015,319.99999285E-3,
,,,8.188000679,379.99999523E-3,
,,,8.192000389,319.99999285E-3,
,,,8.196000099,319.99999285E-3,
,,,8.200000763,280.00000119E-3,
,,,8.204000473,259.99999046E-3,
,,,8.208000183,299.99998212E-3,
,,,8.212000847,379.99999523E-3,
,,,8.216000557,500.000000000E-3,
,,,8.220000267,439.999997616E-3,
,,,8.223999977,419.999986887E-3,
,,,8.228000641,280.00000119E-3,
,,,8.232000351,-19.9999996E-3,
,,,8.236000061,19.9999996E-3,
,,,8.240000725,59.999998659E-3,
,,,8.244000435,59.999998659E-3,
,,,8.248000145,39.99999911E-3,
,,,8.252000809,0.0,
,,,8.256000519,59.999998659E-3,
,,,8.260000229,59.999998659E-3,
,,,8.263999939,39.99999911E-3,
,,,8.268000603,19.9999996E-3,
,,,8.272000313,39.99999911E-3,
,,,8.276000023,19.9999996E-3,
,,,8.280000687,0.0,
,,,8.284000397,39.99999911E-3,
,,,8.288000107,39.99999911E-3,
,,,8.292000771,19.9999996E-3,
,,,8.296000481,19.9999996E-3,
,,,8.300000191,0.0,
,,,8.304000854,0.0,
,,,8.308000565,0.0,
,,,8.312000275,0.0,
,,,8.315999985,19.9999996E-3,
,,,8.320000648,19.9999996E-3,
,,,8.324000359,19.9999996E-3,
,,,8.328000069,19.9999996E-3,
,,,8.332000732,0.0,
,,,8.336000443,19.9999996E-3,
,,,8.340000153,0.0,
,,,8.344000816,19.9999996E-3,
,,,8.348000526,19.9999996E-3,
,,,8.352000237,0.0,
,,,8.355999947,19.9999996E-3,
,,,8.360000610,19.9999996E-3,
,,,8.364000320,19.9999996E-3,
,,,8.368000031,19.9999996E-3,
,,,8.372000694,19.9999996E-3,
,,,8.376000404,0.0,
,,,8.380000114,0.0,
,,,8.384000778,0.0,
,,,8.388000488,19.9999996E-3,
,,,8.392000198,0.0,
,,,8.396000862,-19.9999996E-3,
,,,8.400000572,19.9999996E-3,
,,,8.404000282,19.9999996E-3,
,,,8.407999992,0.0,
,,,8.412000656,19.9999996E-3,
,,,8.416000366,39.99999911E-3,
,,,8.420000076,0.0,
,,,8.424000740,0.0,
,,,8.428000450,19.9999996E-3,
,,,8.432000160,0.0,
,,,8.436000824,19.9999996E-3,
,,,8.440000534,0.0,
,,,8.444000244,0.0,
,,,8.447999954,19.9999996E-3,
,,,8.452000618,19.9999996E-3,
,,,8.456000328,19.9999996E-3,
,,,8.460000038,0.0,
,,,8.464000702,19.9999996E-3,
,,,8.468000412,0.0,
,,,8.472000122,19.9999996E-3,
,,,8.476000786,0.0,
,,,8.480000496,19.9999996E-3,
,,,8.484000206,19.9999996E-3,
,,,8.488000870,19.9999996E-3,
,,,8.492000580,0.0,
,,,8.496000290,0.0,
,,,8.500000000,19.9999996E-3,
,,,8.504000664,19.9999996E-3,
,,,8.508000374,39.99999911E-3,
,,,8.512000084,0.0,
,,,8.516000748,0.0,
,,,8.520000458,19.9999996E-3,
,,,8.524000168,0.0,
,,,8.528000832,0.0,
,,,8.532000542,19.9999996E-3,
,,,8.536000252,19.9999996E-3,
,,,8.539999962,0.0,
,,,8.544000626,19.9999996E-3,
,,,8.548000336,19.9999996E-3,
,,,8.552000046,19.9999996E-3,
,,,8.556000710,0.0,
,,,8.560000420,19.9999996E-3,
,,,8.564000130,19.9999996E-3,
,,,8.568000793,19.9999996E-3,
,,,8.572000504,19.9999996E-3,
,,,8.576000214,0.0,
,,,8.580000877,19.9999996E-3,
,,,8.584000587,19.9999996E-3,
,,,8.588000298,19.9999996E-3,
,,,8.592000008,0.0,
,,,8.596000671,0.0,
,,,8.600000381,19.9999996E-3,
,,,8.604000092,19.9999996E-3,
,,,8.608000755,39.99999911E-3,
,,,8.612000465,19.9999996E-3,
,,,8.616000175,19.9999996E-3,
,,,8.620000839,19.9999996E-3,
,,,8.624000549,0.0,
,,,8.628000259,0.0,
,,,8.631999969,19.9999996E-3,
,,,8.636000633,19.9999996E-3,
,,,8.640000343,19.9999996E-3,
,,,8.644000053,19.9999996E-3,
,,,8.648000717,19.9999996E-3,
,,,8.652000427,19.9999996E-3,
,,,8.656000137,19.9999996E-3,
,,,8.660000801,19.9999996E-3,
,,,8.664000511,19.9999996E-3,
,,,8.668000221,19.9999996E-3,
,,,8.672000885,19.9999996E-3,
,,,8.676000595,0.0,
,,,8.680000305,19.9999996E-3,
,,,8.684000015,19.9999996E-3,
,,,8.688000679,19.9999996E-3,
,,,8.692000389,-19.9999996E-3,
,,,8.696000099,19.9999996E-3,
,,,8.700000763,0.0,
,,,8.704000473,19.9999996E-3,
,,,8.708000183,0.0,
,,,8.712000847,0.0,
,,,8.716000557,19.9999996E-3,
,,,8.720000267,19.9999996E-3,
,,,8.723999977,19.9999996E-3,
,,,8.728000641,19.9999996E-3,
,,,8.732000351,19.9999996E-3,
,,,8.736000061,0.0,
,,,8.740000725,0.0,
,,,8.744000435,19.9999996E-3,
,,,8.748000145,0.0,
,,,8.752000809,0.0,
,,,8.756000519,0.0,
,,,8.760000229,19.9999996E-3,
,,,8.764000893,19.9999996E-3,
,,,8.768000603,19.9999996E-3,
,,,8.772000313,19.9999996E-3,
,,,8.776000023,19.9999996E-3,
,,,8.780000687,0.0,
,,,8.784000397,19.9999996E-3,
,,,8.788000107,19.9999996E-3,
,,,8.792000771,19.9999996E-3,
,,,8.796000481,19.9999996E-3,
,,,8.800000191,19.9999996E-3,
,,,8.804000854,19.9999996E-3,
,,,8.808000565,19.9999996E-3,
,,,8.812000275,19.9999996E-3,
,,,8.815999985,19.9999996E-3,
,,,8.820000648,19.9999996E-3,
,,,8.824000359,19.9999996E-3,
,,,8.828000069,19.9999996E-3,
,,,8.832000732,0.0,
,,,8.836000443,0.0,
,,,8.840000153,19.9999996E-3,
,,,8.844000816,0.0,
,,,8.848000526,0.0,
,,,8.852000237,0.0,
,,,8.855999947,19.9999996E-3,
,,,8.860000610,0.0,
,,,8.864000320,19.9999996E-3,
,,,8.868000031,19.9999996E-3,
,,,8.872000694,19.9999996E-3,
,,,8.876000404,0.0,
,,,8.880000114,0.0,
,,,8.884000778,0.0,
,,,8.888000488,0.0,
,,,8.892000198,19.9999996E-3,
,,,8.896000862,19.9999996E-3,
,,,8.900000572,0.0,
,,,8.904000282,19.9999996E-3,
,,,8.907999992,19.9999996E-3,
,,,8.912000656,19.9999996E-3,
,,,8.916000366,19.9999996E-3,
,,,8.920000076,0.0,
,,,8.924000740,19.9999996E-3,
,,,8.928000450,0.0,
,,,8.932000160,19.9999996E-3,
,,,8.936000824,19.9999996E-3,
,,,8.940000534,39.99999911E-3,
,,,8.944000244,19.9999996E-3,
,,,8.947999954,19.9999996E-3,
,,,8.952000618,0.0,
,,,8.956000328,0.0,
,,,8.960000038,19.9999996E-3,
,,,8.964000702,19.9999996E-3,
,,,8.968000412,19.9999996E-3,
,,,8.972000122,39.99999911E-3,
,,,8.976000786,19.9999996E-3,
,,,8.980000496,19.9999996E-3,
,,,8.984000206,0.0,
,,,8.988000870,0.0,
,,,8.992000580,0.0,
,,,8.996000290,19.9999996E-3,
,,,9.000000000,0.0,
,,,9.004000664,19.9999996E-3,
,,,9.008000374,-1.0599999,
,,,9.012000084,-1.0599999,
,,,9.016000748,-1.0599999,
,,,9.020000458,-1.0599999,
,,,9.024000168,-1.0599999,
,,,9.028000832,-1.0599999,
,,,9.032000542,-1.0599999,
,,,9.036000252,-1.0599999,
,,,9.039999962,-1.0599999,
,,,9.044000626,-1.0599999,
,,,9.048000336,-1.0599999,
,,,9.052000046,-1.0599999,
,,,9.056000710,-1.0599999,
,,,9.060000420,-1.0599999,
,,,9.064000130,-1.0599999,
,,,9.068000793,-1.0599999,
,,,9.072000504,-1.0599999,
,,,9.076000214,-1.0599999,
,,,9.080000877,-1.0599999,
,,,9.084000587,-1.0599999,
,,,9.088000298,-1.0599999,
,,,9.092000008,-1.0599999,
,,,9.096000671,-1.0599999,
,,,9.100000381,-1.0599999,
,,,9.104000092,-1.0599999,
,,,9.108000755,-1.0599999,
,,,9.112000465,-1.0599999,
,,,9.116000175,-1.0599999,
,,,9.120000839,-1.0599999,
,,,9.124000549,-1.0599999,
,,,9.128000259,-1.0599999,
,,,9.131999969,-1.0599999,
,,,9.136000633,-1.0599999,
,,,9.140000343,-1.0599999,
,,,9.144000053,-1.0599999,
,,,9.148000717,-1.0599999,
,,,9.152000427,-1.0599999,
,,,9.156000137,-1.0599999,
,,,9.160000801,-1.0599999,
,,,9.164000511,-1.0599999,
,,,9.168000221,-1.0599999,
,,,9.172000885,-1.0599999,
,,,9.176000595,-1.0599999,
,,,9.180000305,-1.0599999,
,,,9.184000015,-1.0599999,
,,,9.188000679,-1.0599999,
,,,9.192000389,-1.0599999,
,,,9.196000099,-1.0599999,
,,,9.200000763,-1.0599999,
,,,9.204000473,-1.0599999,
,,,9.208000183,-1.0599999,
,,,9.212000847,-1.0599999,
,,,9.216000557,-1.0599999,
,,,9.220000267,-1.0599999,
,,,9.223999977,-1.0599999,
,,,9.228000641,-1.0599999,
,,,9.232000351,-1.0599999,
,,,9.236000061,-1.0599999,
,,,9.240000725,-1.0599999,
,,,9.244000435,-1.0599999,
,,,9.248000145,-1.0599999,
,,,9.252000809,-1.0599999,
,,,9.256000519,-1.0599999,
,,,9.260000229,-1.0599999,
,,,9.264000893,-1.0599999,
,,,9.268000603,-1.0599999,
,,,9.272000313,-1.0599999,
,,,9.276000023,-1.0599999,
,,,9.280000687,-1.0599999,
,,,9.284000397,-1.0599999,
,,,9.288000107,-1.0599999,
,,,9.292000771,-1.0599999,
,,,9.296000481,-1.0599999,
,,,9.300000191,-1.0599999,
,,,9.304000854,-1.0599999,
,,,9.308000565,-1.0599999,
,,,9.312000275,-1.0599999,
,,,9.315999985,-1.0599999,
,,,9.320000648,-1.0599999,
,,,9.324000359,-1.0599999,
,,,9.328000069,-1.0599999,
,,,9.332000732,-1.0599999,
,,,9.336000443,-1.0599999,
,,,9.340000153,-1.0599999,
,,,9.344000816,-1.0599999,
,,,9.348000526,-1.0599999,
,,,9.352000237,-1.0599999,
,,,9.356000900,-1.0599999,
,,,9.360000610,-1.0599999,
,,,9.364000320,-1.0599999,
,,,9.368000031,-1.0599999,
,,,9.372000694,-1.0599999,
,,,9.376000404,-1.0599999,
,,,9.380000114,-1.0599999,
,,,9.384000778,-1.0599999,
,,,9.388000488,-1.0599999,
,,,9.392000198,-1.0599999,
,,,9.396000862,-1.0599999,
,,,9.400000572,-1.0599999,
,,,9.404000282,-1.0599999,
,,,9.407999992,-1.0599999,
,,,9.412000656,-1.0599999,
,,,9.416000366,-1.0599999,
,,,9.420000076,-1.0599999,
,,,9.424000740,-1.0599999,
,,,9.428000450,-1.0599999,
,,,9.432000160,-1.0599999,
,,,9.436000824,-1.0599999,
,,,9.440000534,-1.0599999,
,,,9.444000244,-1.0599999,
,,,9.448000908,-1.0599999,
,,,9.452000618,-1.0599999,
,,,9.456000328,-1.0599999,
,,,9.460000038,-1.0599999,
,,,9.464000702,-1.0599999,
,,,9.468000412,-1.0599999,
,,,9.472000122,-1.0599999,
,,,9.476000786,-1.0599999,
,,,9.480000496,-1.0599999,
,,,9.484000206,-1.0599999,
,,,9.488000870,-1.0599999,
,,,9.492000580,-1.0599999,
,,,9.496000290,-1.0599999,
,,,9.500000000,-1.0599999,
,,,9.504000664,-1.0599999,
,,,9.508000374,-1.0599999,
,,,9.512000084,-1.0599999,
,,,9.516000748,-1.0599999,
,,,9.520000458,-1.0599999,
,,,9.524000168,-1.0599999,
,,,9.528000832,-1.0599999,
,,,9.532000542,-1.0599999,
,,,9.536000252,-1.0599999,
,,,9.540000916,-1.0599999,
,,,9.544000626,-1.0599999,
,,,9.548000336,-1.0599999,
,,,9.552000046,-1.0599999,
,,,9.556000710,-1.0599999,
,,,9.560000420,-1.0599999,
,,,9.564000130,-1.0599999,
,,,9.568000793,-1.0599999,
,,,9.572000504,-1.0599999,
,,,9.576000214,-1.0599999,
,,,9.580000877,-1.0599999,
,,,9.584000587,-1.0599999,
,,,9.588000298,-1.0599999,
,,,9.592000008,-1.0599999,
,,,9.596000671,-1.0599999,
,,,9.600000381,-1.0599999,
,,,9.604000092,-1.0599999,
,,,9.608000755,-1.0599999,
,,,9.612000465,-1.0599999,
,,,9.616000175,-1.0599999,
,,,9.620000839,-1.0599999,
,,,9.624000549,-1.0599999,
,,,9.628000259,-1.0599999,
,,,9.632000923,-1.0599999,
,,,9.636000633,-1.0599999,
,,,9.640000343,-1.0599999,
,,,9.644000053,-1.0599999,
,,,9.648000717,-1.0599999,
,,,9.652000427,-1.0599999,
,,,9.656000137,-1.0599999,
,,,9.660000801,-1.0599999,
,,,9.664000511,-1.0599999,
,,,9.668000221,-1.0599999,
,,,9.672000885,-1.0599999,
,,,9.676000595,-1.0599999,
,,,9.680000305,-1.0599999,
,,,9.684000015,-1.0599999,
,,,9.688000679,-1.0599999,
,,,9.692000389,-1.0599999,
,,,9.696000099,-1.0599999,
,,,9.700000763,-1.0599999,
,,,9.704000473,-1.0599999,
,,,9.708000183,-1.0599999,
,,,9.712000847,-1.0599999,
,,,9.716000557,-1.0599999,
,,,9.720000267,-1.0599999,
,,,9.724000931,-1.0599999,
,,,9.728000641,-1.0599999,
,,,9.732000351,-1.0599999,
,,,9.736000061,-1.0599999,
,,,9.740000725,-1.0599999,
,,,9.744000435,-1.0599999,
,,,9.748000145,-1.0599999,
,,,9.752000809,-1.0599999,
,,,9.756000519,-1.0599999,
,,,9.760000229,-1.0599999,
,,,9.764000893,-1.0599999,
,,,9.768000603,-1.0599999,
,,,9.772000313,-1.0599999,
,,,9.776000023,-1.0599999,
,,,9.780000687,-1.0599999,
,,,9.784000397,-1.0599999,
,,,9.788000107,-1.0599999,
,,,9.792000771,-1.0599999,
,,,9.796000481,-1.0599999,
,,,9.800000191,-1.0599999,
,,,9.804000854,-1.0599999,
,,,9.808000565,-1.0599999,
,,,9.812000275,-1.0599999,
,,,9.816000938,-1.0599999,
,,,9.820000648,-1.0599999,
,,,9.824000359,-1.0599999,
,,,9.828000069,-1.0599999,
,,,9.832000732,-1.0599999,
,,,9.836000443,-1.0599999,
,,,9.840000153,-1.0599999,
,,,9.844000816,-1.0599999,
,,,9.848000526,-1.0599999,
,,,9.852000237,-1.0599999,
,,,9.856000900,-1.0599999,
,,,9.860000610,-1.0599999,
,,,9.864000320,-1.0599999,
,,,9.868000031,-1.0599999,
,,,9.872000694,-1.0599999,
,,,9.876000404,-1.0599999,
,,,9.880000114,-1.0599999,
,,,9.884000778,-1.0599999,
,,,9.888000488,-1.0599999,
,,,9.892000198,-1.0599999,
,,,9.896000862,-1.0599999,
,,,9.900000572,-1.0599999,
,,,9.904000282,-1.0599999,
,,,9.908000946,-1.0599999,
,,,9.912000656,-1.0599999,
,,,9.916000366,-1.0599999,
,,,9.920000076,-1.0599999,
,,,9.924000740,-1.0599999,
,,,9.928000450,-1.0599999,
,,,9.932000160,-1.0599999,
,,,9.936000824,-1.0599999,
,,,9.940000534,-1.0599999,
,,,9.944000244,-1.0599999,
,,,9.948000908,-1.0599999,
,,,9.952000618,-1.0599999,
,,,9.956000328,-1.0599999,
,,,9.960000038,-1.0599999,
,,,9.964000702,-1.0599999,
,,,9.968000412,-1.0599999,
,,,9.972000122,-1.0599999,
,,,9.976000786,-1.0599999,
,,,9.980000496,-1.0599999,
,,,9.984000206,-1.0599999,
,,,9.988000870,-1.0599999,
,,,9.992000580,-1.0599999,
,,,9.996000290,-1.0599999,
